[2026-06-07 14:13:13] Parallel Option-B bidirectional Wan dataset collection
[2026-06-07 14:13:13] Output:  /mnt/lanxiangh/data/ff_exec/bidirectional_wan_draft_head_dataset/tau_delta_0p0
[2026-06-07 14:13:13] Teacher: Wan2.1-T2V-14B
[2026-06-07 14:13:13] GPUs:    0 1 2 3 num=4
[2026-06-07 14:13:13] Blocks:  9
[2026-06-07 14:13:13] Prompts: /root/Self-Forcing/prompts/MovieGenVideoBench.txt start=0 max=1906
[2026-06-07 14:13:13] Starting collector rank=0 device=0 part=/mnt/lanxiangh/data/ff_exec/bidirectional_wan_draft_head_dataset/tau_delta_0p0/part_000
[2026-06-07 14:13:13] Starting collector rank=1 device=1 part=/mnt/lanxiangh/data/ff_exec/bidirectional_wan_draft_head_dataset/tau_delta_0p0/part_001
[2026-06-07 14:13:13] Starting collector rank=2 device=2 part=/mnt/lanxiangh/data/ff_exec/bidirectional_wan_draft_head_dataset/tau_delta_0p0/part_002
[2026-06-07 14:13:13] Starting collector rank=3 device=3 part=/mnt/lanxiangh/data/ff_exec/bidirectional_wan_draft_head_dataset/tau_delta_0p0/part_003
[2026-06-07 14:13:13] Progress: workers starting (r0:starting r1:starting r2:starting r3:starting)
[2026-06-07 14:14:13] Progress: workers starting (r0:starting r1:starting r2:starting r3:starting)
[2026-06-07 14:15:14] Progress: workers starting (r0:starting r1:starting r2:starting r3:starting)
[2026-06-07 14:16:14] Progress: workers starting (r0:starting r1:starting r2:starting r3:starting)
[2026-06-07 14:17:14] Progress: workers starting (r0:starting r1:starting r2:starting r3:starting)
[2026-06-07 14:18:14] Progress: workers starting (r0:starting r1:starting r2:starting r3:starting)
[2026-06-07 14:19:14] Progress: workers starting (r0:starting r1:starting r2:starting r3:starting)
[2026-06-07 14:20:14] Progress: workers starting (r0:starting r1:starting r2:starting r3:starting)
[2026-06-07 14:21:14] Progress: workers starting (r0:starting r1:starting r2:starting r3:starting)
[2026-06-07 14:22:14] Progress: workers starting (r0:starting r1:starting r2:starting r3:starting)
[2026-06-07 14:23:14] Progress: workers starting (r0:starting r1:starting r2:starting r3:starting)
[2026-06-07 14:24:14] Progress: workers starting (r0:starting r1:starting r2:starting r3:starting)
[2026-06-07 14:25:14] Progress: workers starting (r0:starting r1:starting r2:starting r3:starting)
[2026-06-07 14:26:14] Progress: workers starting (r0:starting r1:starting r2:starting r3:starting)
[2026-06-07 14:27:14] Progress: workers starting (r0:starting r1:starting r2:starting r3:starting)
[2026-06-07 14:28:14] Progress: workers starting (r0:starting r1:starting r2:starting r3:starting)
[2026-06-07 14:29:14] Progress: workers starting (r0:starting r1:starting r2:starting r3:starting)
[2026-06-07 14:30:14] Progress: workers starting (r0:starting r1:starting r2:starting r3:starting)
[2026-06-07 14:31:14] Progress: workers starting (r0:starting r1:starting r2:starting r3:starting)
[2026-06-07 14:32:14] Progress: workers starting (r0:starting r1:starting r2:starting r3:starting)
[2026-06-07 14:33:14] Progress: workers starting (r0:starting r1:starting r2:starting r3:starting)
[2026-06-07 14:34:14] Progress: workers starting (r0:starting r1:starting r2:starting r3:starting)
[2026-06-07 14:35:14] Progress: workers starting (r0:starting r1:starting r2:starting r3:starting)
[2026-06-07 14:36:14] Progress: workers starting (r0:starting r1:starting r2:starting r3:starting)
[2026-06-07 14:37:14] Progress: workers starting (r0:starting r1:starting r2:starting r3:starting)
[2026-06-07 14:38:14] Progress: workers starting (r0:starting r1:starting r2:starting r3:starting)
[2026-06-07 14:39:14] Progress: workers starting (r0:starting r1:starting r2:starting r3:starting)
[2026-06-07 14:40:14] Progress: workers starting (r0:starting r1:starting r2:starting r3:starting)
[2026-06-07 14:41:14] Progress: workers starting (r0:starting r1:starting r2:starting r3:starting)
[2026-06-07 14:42:14] Progress: workers starting (r0:starting r1:starting r2:starting r3:starting)
[2026-06-07 14:43:14] Progress: workers starting (r0:starting r1:starting r2:starting r3:starting)
[2026-06-07 14:44:14] Progress: workers starting (r0:starting r1:starting r2:starting r3:starting)
[2026-06-07 14:45:14] Progress: 6/501 prompts (r0:starting r1:3/251 r2:starting r3:3/250)
[2026-06-07 14:46:14] Progress: 12/1003 prompts (r0:3/251 r1:3/251 r2:3/251 r3:3/250)
[2026-06-07 14:47:14] Progress: 12/1003 prompts (r0:3/251 r1:3/251 r2:3/251 r3:3/250)
[2026-06-07 14:48:14] Progress: 12/1003 prompts (r0:3/251 r1:3/251 r2:3/251 r3:3/250)
[2026-06-07 14:49:14] Progress: 12/1003 prompts (r0:3/251 r1:3/251 r2:3/251 r3:3/250)
[2026-06-07 14:50:14] Progress: 12/1003 prompts (r0:3/251 r1:3/251 r2:3/251 r3:3/250)
[2026-06-07 14:51:14] Progress: 12/1003 prompts (r0:3/251 r1:3/251 r2:3/251 r3:3/250)
[2026-06-07 14:52:15] Progress: 12/1003 prompts (r0:3/251 r1:3/251 r2:3/251 r3:3/250)
[2026-06-07 14:53:15] Progress: 12/1003 prompts (r0:3/251 r1:3/251 r2:3/251 r3:3/250)
[2026-06-07 14:54:15] Progress: 12/1003 prompts (r0:3/251 r1:3/251 r2:3/251 r3:3/250)
[2026-06-07 14:55:15] Progress: 12/1003 prompts (r0:3/251 r1:3/251 r2:3/251 r3:3/250)
[2026-06-07 14:56:15] Progress: 12/1003 prompts (r0:3/251 r1:3/251 r2:3/251 r3:3/250)
[2026-06-07 14:57:15] Progress: 12/1003 prompts (r0:3/251 r1:3/251 r2:3/251 r3:3/250)
[2026-06-07 14:58:15] Progress: 12/1003 prompts (r0:3/251 r1:3/251 r2:3/251 r3:3/250)
[2026-06-07 14:59:15] Progress: 12/1003 prompts (r0:3/251 r1:3/251 r2:3/251 r3:3/250)
[2026-06-07 15:00:15] Progress: 12/1003 prompts (r0:3/251 r1:3/251 r2:3/251 r3:3/250)
[2026-06-07 15:01:16] Progress: 12/1003 prompts (r0:3/251 r1:3/251 r2:3/251 r3:3/250)
[2026-06-07 15:02:16] Progress: 12/1003 prompts (r0:3/251 r1:3/251 r2:3/251 r3:3/250)
[2026-06-07 15:03:16] Progress: 12/1003 prompts (r0:3/251 r1:3/251 r2:3/251 r3:3/250)
[2026-06-07 15:04:16] Progress: 12/1003 prompts (r0:3/251 r1:3/251 r2:3/251 r3:3/250)
[2026-06-07 15:05:16] Progress: 12/1003 prompts (r0:3/251 r1:3/251 r2:3/251 r3:3/250)
[2026-06-07 15:06:16] Progress: 12/1003 prompts (r0:3/251 r1:3/251 r2:3/251 r3:3/250)
[2026-06-07 15:07:16] Progress: 12/1003 prompts (r0:3/251 r1:3/251 r2:3/251 r3:3/250)
[2026-06-07 15:08:16] Progress: 12/1003 prompts (r0:3/251 r1:3/251 r2:3/251 r3:3/250)
[2026-06-07 15:09:17] Progress: 12/1003 prompts (r0:3/251 r1:3/251 r2:3/251 r3:3/250)
[2026-06-07 15:10:17] Progress: 12/1003 prompts (r0:3/251 r1:3/251 r2:3/251 r3:3/250)
[2026-06-07 15:11:17] Progress: 12/1003 prompts (r0:3/251 r1:3/251 r2:3/251 r3:3/250)
[2026-06-07 15:12:17] Progress: 12/1003 prompts (r0:3/251 r1:3/251 r2:3/251 r3:3/250)
[2026-06-07 15:13:17] Progress: 12/1003 prompts (r0:3/251 r1:3/251 r2:3/251 r3:3/250)
[2026-06-07 15:14:17] Progress: 12/1003 prompts (r0:3/251 r1:3/251 r2:3/251 r3:3/250)
[2026-06-07 15:15:17] Progress: 12/1003 prompts (r0:3/251 r1:3/251 r2:3/251 r3:3/250)
[2026-06-07 15:16:17] Progress: 21/1003 prompts (r0:6/251 r1:6/251 r2:3/251 r3:6/250)
[2026-06-07 15:17:17] Progress: 24/1003 prompts (r0:6/251 r1:6/251 r2:6/251 r3:6/250)
[2026-06-07 15:18:18] Progress: 24/1003 prompts (r0:6/251 r1:6/251 r2:6/251 r3:6/250)
[2026-06-07 15:19:18] Progress: 24/1003 prompts (r0:6/251 r1:6/251 r2:6/251 r3:6/250)
[2026-06-07 15:20:18] Progress: 24/1003 prompts (r0:6/251 r1:6/251 r2:6/251 r3:6/250)
[2026-06-07 15:21:18] Progress: 24/1003 prompts (r0:6/251 r1:6/251 r2:6/251 r3:6/250)
[2026-06-07 15:22:18] Progress: 24/1003 prompts (r0:6/251 r1:6/251 r2:6/251 r3:6/250)
[2026-06-07 15:23:18] Progress: 24/1003 prompts (r0:6/251 r1:6/251 r2:6/251 r3:6/250)
[2026-06-07 15:24:18] Progress: 24/1003 prompts (r0:6/251 r1:6/251 r2:6/251 r3:6/250)
[2026-06-07 15:25:18] Progress: 24/1003 prompts (r0:6/251 r1:6/251 r2:6/251 r3:6/250)
[2026-06-07 15:26:18] Progress: 24/1003 prompts (r0:6/251 r1:6/251 r2:6/251 r3:6/250)
[2026-06-07 15:27:19] Progress: 24/1003 prompts (r0:6/251 r1:6/251 r2:6/251 r3:6/250)
[2026-06-07 15:28:19] Progress: 24/1003 prompts (r0:6/251 r1:6/251 r2:6/251 r3:6/250)
[2026-06-07 15:29:19] Progress: 24/1003 prompts (r0:6/251 r1:6/251 r2:6/251 r3:6/250)
[2026-06-07 15:30:19] Progress: 24/1003 prompts (r0:6/251 r1:6/251 r2:6/251 r3:6/250)
[2026-06-07 15:31:19] Progress: 24/1003 prompts (r0:6/251 r1:6/251 r2:6/251 r3:6/250)
[2026-06-07 15:32:19] Progress: 24/1003 prompts (r0:6/251 r1:6/251 r2:6/251 r3:6/250)
[2026-06-07 15:33:19] Progress: 24/1003 prompts (r0:6/251 r1:6/251 r2:6/251 r3:6/250)
[2026-06-07 15:34:19] Progress: 24/1003 prompts (r0:6/251 r1:6/251 r2:6/251 r3:6/250)
[2026-06-07 15:35:20] Progress: 24/1003 prompts (r0:6/251 r1:6/251 r2:6/251 r3:6/250)
[2026-06-07 15:36:20] Progress: 24/1003 prompts (r0:6/251 r1:6/251 r2:6/251 r3:6/250)
[2026-06-07 15:37:20] Progress: 24/1003 prompts (r0:6/251 r1:6/251 r2:6/251 r3:6/250)
[2026-06-07 15:38:20] Progress: 24/1003 prompts (r0:6/251 r1:6/251 r2:6/251 r3:6/250)
[2026-06-07 15:39:20] Progress: 24/1003 prompts (r0:6/251 r1:6/251 r2:6/251 r3:6/250)
[2026-06-07 15:40:20] Progress: 24/1003 prompts (r0:6/251 r1:6/251 r2:6/251 r3:6/250)
[2026-06-07 15:41:20] Progress: 24/1003 prompts (r0:6/251 r1:6/251 r2:6/251 r3:6/250)
[2026-06-07 15:42:20] Progress: 24/1003 prompts (r0:6/251 r1:6/251 r2:6/251 r3:6/250)
[2026-06-07 15:43:20] Progress: 24/1003 prompts (r0:6/251 r1:6/251 r2:6/251 r3:6/250)
[2026-06-07 15:44:21] Progress: 24/1003 prompts (r0:6/251 r1:6/251 r2:6/251 r3:6/250)
[2026-06-07 15:45:21] Progress: 24/1003 prompts (r0:6/251 r1:6/251 r2:6/251 r3:6/250)
[2026-06-07 15:46:21] Progress: 30/1003 prompts (r0:6/251 r1:9/251 r2:6/251 r3:9/250)
[2026-06-07 15:47:21] Progress: 36/1003 prompts (r0:9/251 r1:9/251 r2:9/251 r3:9/250)
[2026-06-07 15:48:21] Progress: 36/1003 prompts (r0:9/251 r1:9/251 r2:9/251 r3:9/250)
[2026-06-07 15:49:21] Progress: 36/1003 prompts (r0:9/251 r1:9/251 r2:9/251 r3:9/250)
[2026-06-07 15:50:21] Progress: 36/1003 prompts (r0:9/251 r1:9/251 r2:9/251 r3:9/250)
[2026-06-07 15:51:21] Progress: 36/1003 prompts (r0:9/251 r1:9/251 r2:9/251 r3:9/250)
[2026-06-07 15:52:22] Progress: 36/1003 prompts (r0:9/251 r1:9/251 r2:9/251 r3:9/250)
[2026-06-07 15:53:22] Progress: 36/1003 prompts (r0:9/251 r1:9/251 r2:9/251 r3:9/250)
[2026-06-07 15:54:22] Progress: 36/1003 prompts (r0:9/251 r1:9/251 r2:9/251 r3:9/250)
[2026-06-07 15:55:22] Progress: 36/1003 prompts (r0:9/251 r1:9/251 r2:9/251 r3:9/250)
[2026-06-07 15:56:22] Progress: 36/1003 prompts (r0:9/251 r1:9/251 r2:9/251 r3:9/250)
[2026-06-07 15:57:22] Progress: 36/1003 prompts (r0:9/251 r1:9/251 r2:9/251 r3:9/250)
[2026-06-07 15:58:22] Progress: 36/1003 prompts (r0:9/251 r1:9/251 r2:9/251 r3:9/250)
[2026-06-07 15:59:22] Progress: 36/1003 prompts (r0:9/251 r1:9/251 r2:9/251 r3:9/250)
[2026-06-07 16:00:22] Progress: 36/1003 prompts (r0:9/251 r1:9/251 r2:9/251 r3:9/250)
[2026-06-07 16:01:23] Progress: 36/1003 prompts (r0:9/251 r1:9/251 r2:9/251 r3:9/250)
[2026-06-07 16:02:23] Progress: 36/1003 prompts (r0:9/251 r1:9/251 r2:9/251 r3:9/250)
[2026-06-07 16:03:23] Progress: 36/1003 prompts (r0:9/251 r1:9/251 r2:9/251 r3:9/250)
[2026-06-07 16:04:23] Progress: 36/1003 prompts (r0:9/251 r1:9/251 r2:9/251 r3:9/250)
[2026-06-07 16:05:23] Progress: 36/1003 prompts (r0:9/251 r1:9/251 r2:9/251 r3:9/250)
[2026-06-07 16:06:23] Progress: 36/1003 prompts (r0:9/251 r1:9/251 r2:9/251 r3:9/250)
[2026-06-07 16:07:23] Progress: 36/1003 prompts (r0:9/251 r1:9/251 r2:9/251 r3:9/250)
[2026-06-07 16:08:23] Progress: 36/1003 prompts (r0:9/251 r1:9/251 r2:9/251 r3:9/250)
[2026-06-07 16:09:23] Progress: 36/1003 prompts (r0:9/251 r1:9/251 r2:9/251 r3:9/250)
[2026-06-07 16:10:24] Progress: 36/1003 prompts (r0:9/251 r1:9/251 r2:9/251 r3:9/250)
[2026-06-07 16:11:24] Progress: 36/1003 prompts (r0:9/251 r1:9/251 r2:9/251 r3:9/250)
[2026-06-07 16:12:24] Progress: 36/1003 prompts (r0:9/251 r1:9/251 r2:9/251 r3:9/250)
[2026-06-07 16:13:24] Progress: 36/1003 prompts (r0:9/251 r1:9/251 r2:9/251 r3:9/250)
[2026-06-07 16:14:24] Progress: 36/1003 prompts (r0:9/251 r1:9/251 r2:9/251 r3:9/250)
[2026-06-07 16:15:24] Progress: 36/1003 prompts (r0:9/251 r1:9/251 r2:9/251 r3:9/250)
[2026-06-07 16:16:24] Progress: 42/1003 prompts (r0:9/251 r1:12/251 r2:9/251 r3:12/250)
[2026-06-07 16:17:24] Progress: 42/1003 prompts (r0:9/251 r1:12/251 r2:9/251 r3:12/250)
[2026-06-07 16:18:24] Progress: 48/1003 prompts (r0:12/251 r1:12/251 r2:12/251 r3:12/250)
[2026-06-07 16:19:25] Progress: 48/1003 prompts (r0:12/251 r1:12/251 r2:12/251 r3:12/250)
[2026-06-07 16:20:25] Progress: 48/1003 prompts (r0:12/251 r1:12/251 r2:12/251 r3:12/250)
[2026-06-07 16:21:25] Progress: 48/1003 prompts (r0:12/251 r1:12/251 r2:12/251 r3:12/250)
[2026-06-07 16:22:25] Progress: 48/1003 prompts (r0:12/251 r1:12/251 r2:12/251 r3:12/250)
[2026-06-07 16:23:25] Progress: 48/1003 prompts (r0:12/251 r1:12/251 r2:12/251 r3:12/250)
[2026-06-07 16:24:25] Progress: 48/1003 prompts (r0:12/251 r1:12/251 r2:12/251 r3:12/250)
[2026-06-07 16:25:25] Progress: 48/1003 prompts (r0:12/251 r1:12/251 r2:12/251 r3:12/250)
[2026-06-07 16:26:25] Progress: 48/1003 prompts (r0:12/251 r1:12/251 r2:12/251 r3:12/250)
[2026-06-07 16:27:26] Progress: 48/1003 prompts (r0:12/251 r1:12/251 r2:12/251 r3:12/250)
[2026-06-07 16:28:26] Progress: 48/1003 prompts (r0:12/251 r1:12/251 r2:12/251 r3:12/250)
[2026-06-07 16:29:26] Progress: 48/1003 prompts (r0:12/251 r1:12/251 r2:12/251 r3:12/250)
[2026-06-07 16:30:26] Progress: 48/1003 prompts (r0:12/251 r1:12/251 r2:12/251 r3:12/250)
[2026-06-07 16:31:26] Progress: 48/1003 prompts (r0:12/251 r1:12/251 r2:12/251 r3:12/250)
[2026-06-07 16:32:26] Progress: 48/1003 prompts (r0:12/251 r1:12/251 r2:12/251 r3:12/250)
[2026-06-07 16:33:26] Progress: 48/1003 prompts (r0:12/251 r1:12/251 r2:12/251 r3:12/250)
[2026-06-07 16:34:26] Progress: 48/1003 prompts (r0:12/251 r1:12/251 r2:12/251 r3:12/250)
[2026-06-07 16:35:26] Progress: 48/1003 prompts (r0:12/251 r1:12/251 r2:12/251 r3:12/250)
[2026-06-07 16:36:27] Progress: 48/1003 prompts (r0:12/251 r1:12/251 r2:12/251 r3:12/250)
[2026-06-07 16:37:27] Progress: 48/1003 prompts (r0:12/251 r1:12/251 r2:12/251 r3:12/250)
[2026-06-07 16:38:27] Progress: 48/1003 prompts (r0:12/251 r1:12/251 r2:12/251 r3:12/250)
[2026-06-07 16:39:27] Progress: 48/1003 prompts (r0:12/251 r1:12/251 r2:12/251 r3:12/250)
[2026-06-07 16:40:27] Progress: 48/1003 prompts (r0:12/251 r1:12/251 r2:12/251 r3:12/250)
[2026-06-07 16:41:27] Progress: 48/1003 prompts (r0:12/251 r1:12/251 r2:12/251 r3:12/250)
[2026-06-07 16:42:27] Progress: 48/1003 prompts (r0:12/251 r1:12/251 r2:12/251 r3:12/250)
[2026-06-07 16:43:27] Progress: 48/1003 prompts (r0:12/251 r1:12/251 r2:12/251 r3:12/250)
[2026-06-07 16:44:27] Progress: 48/1003 prompts (r0:12/251 r1:12/251 r2:12/251 r3:12/250)
[2026-06-07 16:45:28] Progress: 48/1003 prompts (r0:12/251 r1:12/251 r2:12/251 r3:12/250)
[2026-06-07 16:46:28] Progress: 48/1003 prompts (r0:12/251 r1:12/251 r2:12/251 r3:12/250)
[2026-06-07 16:47:28] Progress: 54/1003 prompts (r0:12/251 r1:15/251 r2:12/251 r3:15/250)
[2026-06-07 16:48:28] Progress: 54/1003 prompts (r0:12/251 r1:15/251 r2:12/251 r3:15/250)
[2026-06-07 16:49:28] Progress: 60/1003 prompts (r0:15/251 r1:15/251 r2:15/251 r3:15/250)
[2026-06-07 16:50:28] Progress: 60/1003 prompts (r0:15/251 r1:15/251 r2:15/251 r3:15/250)
[2026-06-07 16:51:28] Progress: 60/1003 prompts (r0:15/251 r1:15/251 r2:15/251 r3:15/250)
[2026-06-07 16:52:28] Progress: 60/1003 prompts (r0:15/251 r1:15/251 r2:15/251 r3:15/250)
[2026-06-07 16:53:29] Progress: 60/1003 prompts (r0:15/251 r1:15/251 r2:15/251 r3:15/250)
[2026-06-07 16:54:29] Progress: 60/1003 prompts (r0:15/251 r1:15/251 r2:15/251 r3:15/250)
[2026-06-07 16:55:29] Progress: 60/1003 prompts (r0:15/251 r1:15/251 r2:15/251 r3:15/250)
[2026-06-07 16:56:29] Progress: 60/1003 prompts (r0:15/251 r1:15/251 r2:15/251 r3:15/250)
[2026-06-07 16:57:29] Progress: 60/1003 prompts (r0:15/251 r1:15/251 r2:15/251 r3:15/250)
[2026-06-07 16:58:29] Progress: 60/1003 prompts (r0:15/251 r1:15/251 r2:15/251 r3:15/250)
[2026-06-07 16:59:29] Progress: 60/1003 prompts (r0:15/251 r1:15/251 r2:15/251 r3:15/250)
[2026-06-07 17:00:29] Progress: 60/1003 prompts (r0:15/251 r1:15/251 r2:15/251 r3:15/250)
[2026-06-07 17:01:29] Progress: 60/1003 prompts (r0:15/251 r1:15/251 r2:15/251 r3:15/250)
[2026-06-07 17:02:30] Progress: 60/1003 prompts (r0:15/251 r1:15/251 r2:15/251 r3:15/250)
[2026-06-07 17:03:30] Progress: 60/1003 prompts (r0:15/251 r1:15/251 r2:15/251 r3:15/250)
[2026-06-07 17:04:30] Progress: 60/1003 prompts (r0:15/251 r1:15/251 r2:15/251 r3:15/250)
[2026-06-07 17:05:30] Progress: 60/1003 prompts (r0:15/251 r1:15/251 r2:15/251 r3:15/250)
[2026-06-07 17:06:30] Progress: 60/1003 prompts (r0:15/251 r1:15/251 r2:15/251 r3:15/250)
[2026-06-07 17:07:30] Progress: 60/1003 prompts (r0:15/251 r1:15/251 r2:15/251 r3:15/250)
[2026-06-07 17:08:30] Progress: 60/1003 prompts (r0:15/251 r1:15/251 r2:15/251 r3:15/250)
[2026-06-07 17:09:30] Progress: 60/1003 prompts (r0:15/251 r1:15/251 r2:15/251 r3:15/250)
[2026-06-07 17:10:31] Progress: 60/1003 prompts (r0:15/251 r1:15/251 r2:15/251 r3:15/250)
[2026-06-07 17:11:31] Progress: 60/1003 prompts (r0:15/251 r1:15/251 r2:15/251 r3:15/250)
[2026-06-07 17:12:31] Progress: 60/1003 prompts (r0:15/251 r1:15/251 r2:15/251 r3:15/250)
[2026-06-07 17:13:31] Progress: 60/1003 prompts (r0:15/251 r1:15/251 r2:15/251 r3:15/250)
[2026-06-07 17:14:31] Progress: 60/1003 prompts (r0:15/251 r1:15/251 r2:15/251 r3:15/250)
[2026-06-07 17:15:31] Progress: 60/1003 prompts (r0:15/251 r1:15/251 r2:15/251 r3:15/250)
[2026-06-07 17:16:31] Progress: 60/1003 prompts (r0:15/251 r1:15/251 r2:15/251 r3:15/250)
[2026-06-07 17:17:31] Progress: 66/1003 prompts (r0:15/251 r1:18/251 r2:15/251 r3:18/250)
[2026-06-07 17:18:31] Progress: 66/1003 prompts (r0:15/251 r1:18/251 r2:15/251 r3:18/250)
[2026-06-07 17:19:32] Progress: 69/1003 prompts (r0:18/251 r1:18/251 r2:15/251 r3:18/250)
[2026-06-07 17:20:32] Progress: 72/1003 prompts (r0:18/251 r1:18/251 r2:18/251 r3:18/250)
[2026-06-07 17:21:32] Progress: 72/1003 prompts (r0:18/251 r1:18/251 r2:18/251 r3:18/250)
[2026-06-07 17:22:32] Progress: 72/1003 prompts (r0:18/251 r1:18/251 r2:18/251 r3:18/250)
[2026-06-07 17:23:32] Progress: 72/1003 prompts (r0:18/251 r1:18/251 r2:18/251 r3:18/250)
[2026-06-07 17:24:32] Progress: 72/1003 prompts (r0:18/251 r1:18/251 r2:18/251 r3:18/250)
[2026-06-07 17:25:32] Progress: 72/1003 prompts (r0:18/251 r1:18/251 r2:18/251 r3:18/250)
[2026-06-07 17:26:32] Progress: 72/1003 prompts (r0:18/251 r1:18/251 r2:18/251 r3:18/250)
[2026-06-07 17:27:33] Progress: 72/1003 prompts (r0:18/251 r1:18/251 r2:18/251 r3:18/250)
[2026-06-07 17:28:33] Progress: 72/1003 prompts (r0:18/251 r1:18/251 r2:18/251 r3:18/250)
[2026-06-07 17:29:33] Progress: 72/1003 prompts (r0:18/251 r1:18/251 r2:18/251 r3:18/250)
[2026-06-07 17:30:33] Progress: 72/1003 prompts (r0:18/251 r1:18/251 r2:18/251 r3:18/250)
[2026-06-07 17:31:33] Progress: 72/1003 prompts (r0:18/251 r1:18/251 r2:18/251 r3:18/250)
[2026-06-07 17:32:33] Progress: 72/1003 prompts (r0:18/251 r1:18/251 r2:18/251 r3:18/250)
[2026-06-07 17:33:33] Progress: 72/1003 prompts (r0:18/251 r1:18/251 r2:18/251 r3:18/250)
[2026-06-07 17:34:33] Progress: 72/1003 prompts (r0:18/251 r1:18/251 r2:18/251 r3:18/250)
[2026-06-07 17:35:33] Progress: 72/1003 prompts (r0:18/251 r1:18/251 r2:18/251 r3:18/250)
[2026-06-07 17:36:34] Progress: 72/1003 prompts (r0:18/251 r1:18/251 r2:18/251 r3:18/250)
[2026-06-07 17:37:34] Progress: 72/1003 prompts (r0:18/251 r1:18/251 r2:18/251 r3:18/250)
[2026-06-07 17:38:34] Progress: 72/1003 prompts (r0:18/251 r1:18/251 r2:18/251 r3:18/250)
[2026-06-07 17:39:34] Progress: 72/1003 prompts (r0:18/251 r1:18/251 r2:18/251 r3:18/250)
[2026-06-07 17:40:34] Progress: 72/1003 prompts (r0:18/251 r1:18/251 r2:18/251 r3:18/250)
[2026-06-07 17:41:34] Progress: 72/1003 prompts (r0:18/251 r1:18/251 r2:18/251 r3:18/250)
[2026-06-07 17:42:34] Progress: 72/1003 prompts (r0:18/251 r1:18/251 r2:18/251 r3:18/250)
[2026-06-07 17:43:34] Progress: 72/1003 prompts (r0:18/251 r1:18/251 r2:18/251 r3:18/250)
[2026-06-07 17:44:34] Progress: 72/1003 prompts (r0:18/251 r1:18/251 r2:18/251 r3:18/250)
[2026-06-07 17:45:35] Progress: 72/1003 prompts (r0:18/251 r1:18/251 r2:18/251 r3:18/250)
[2026-06-07 17:46:35] Progress: 72/1003 prompts (r0:18/251 r1:18/251 r2:18/251 r3:18/250)
[2026-06-07 17:47:35] Progress: 75/1003 prompts (r0:18/251 r1:18/251 r2:18/251 r3:21/250)
[2026-06-07 17:48:35] Progress: 78/1003 prompts (r0:18/251 r1:21/251 r2:18/251 r3:21/250)
[2026-06-07 17:49:35] Progress: 78/1003 prompts (r0:18/251 r1:21/251 r2:18/251 r3:21/250)
[2026-06-07 17:50:35] Progress: 81/1003 prompts (r0:21/251 r1:21/251 r2:18/251 r3:21/250)
[2026-06-07 17:51:35] Progress: 84/1003 prompts (r0:21/251 r1:21/251 r2:21/251 r3:21/250)
[2026-06-07 17:52:35] Progress: 84/1003 prompts (r0:21/251 r1:21/251 r2:21/251 r3:21/250)
[2026-06-07 17:53:35] Progress: 84/1003 prompts (r0:21/251 r1:21/251 r2:21/251 r3:21/250)
[2026-06-07 17:54:36] Progress: 84/1003 prompts (r0:21/251 r1:21/251 r2:21/251 r3:21/250)
[2026-06-07 17:55:36] Progress: 84/1003 prompts (r0:21/251 r1:21/251 r2:21/251 r3:21/250)
[2026-06-07 17:56:36] Progress: 84/1003 prompts (r0:21/251 r1:21/251 r2:21/251 r3:21/250)
[2026-06-07 17:57:36] Progress: 84/1003 prompts (r0:21/251 r1:21/251 r2:21/251 r3:21/250)
[2026-06-07 17:58:36] Progress: 84/1003 prompts (r0:21/251 r1:21/251 r2:21/251 r3:21/250)
[2026-06-07 17:59:36] Progress: 84/1003 prompts (r0:21/251 r1:21/251 r2:21/251 r3:21/250)
[2026-06-07 18:00:36] Progress: 84/1003 prompts (r0:21/251 r1:21/251 r2:21/251 r3:21/250)
[2026-06-07 18:01:36] Progress: 84/1003 prompts (r0:21/251 r1:21/251 r2:21/251 r3:21/250)
[2026-06-07 18:02:37] Progress: 84/1003 prompts (r0:21/251 r1:21/251 r2:21/251 r3:21/250)
[2026-06-07 18:03:37] Progress: 84/1003 prompts (r0:21/251 r1:21/251 r2:21/251 r3:21/250)
[2026-06-07 18:04:37] Progress: 84/1003 prompts (r0:21/251 r1:21/251 r2:21/251 r3:21/250)
[2026-06-07 18:05:37] Progress: 84/1003 prompts (r0:21/251 r1:21/251 r2:21/251 r3:21/250)
[2026-06-07 18:06:37] Progress: 84/1003 prompts (r0:21/251 r1:21/251 r2:21/251 r3:21/250)
[2026-06-07 18:07:37] Progress: 84/1003 prompts (r0:21/251 r1:21/251 r2:21/251 r3:21/250)
[2026-06-07 18:08:37] Progress: 84/1003 prompts (r0:21/251 r1:21/251 r2:21/251 r3:21/250)
[2026-06-07 18:09:37] Progress: 84/1003 prompts (r0:21/251 r1:21/251 r2:21/251 r3:21/250)
[2026-06-07 18:10:37] Progress: 84/1003 prompts (r0:21/251 r1:21/251 r2:21/251 r3:21/250)
[2026-06-07 18:11:38] Progress: 84/1003 prompts (r0:21/251 r1:21/251 r2:21/251 r3:21/250)
[2026-06-07 18:12:38] Progress: 84/1003 prompts (r0:21/251 r1:21/251 r2:21/251 r3:21/250)
[2026-06-07 18:13:38] Progress: 84/1003 prompts (r0:21/251 r1:21/251 r2:21/251 r3:21/250)
[2026-06-07 18:14:38] Progress: 84/1003 prompts (r0:21/251 r1:21/251 r2:21/251 r3:21/250)
[2026-06-07 18:15:38] Progress: 84/1003 prompts (r0:21/251 r1:21/251 r2:21/251 r3:21/250)
[2026-06-07 18:16:38] Progress: 84/1003 prompts (r0:21/251 r1:21/251 r2:21/251 r3:21/250)
[2026-06-07 18:17:38] Progress: 84/1003 prompts (r0:21/251 r1:21/251 r2:21/251 r3:21/250)
[2026-06-07 18:18:38] Progress: 90/1003 prompts (r0:21/251 r1:24/251 r2:21/251 r3:24/250)
[2026-06-07 18:19:39] Progress: 90/1003 prompts (r0:21/251 r1:24/251 r2:21/251 r3:24/250)
[2026-06-07 18:20:39] Progress: 90/1003 prompts (r0:21/251 r1:24/251 r2:21/251 r3:24/250)
[2026-06-07 18:21:39] Progress: 93/1003 prompts (r0:24/251 r1:24/251 r2:21/251 r3:24/250)
[2026-06-07 18:22:39] Progress: 96/1003 prompts (r0:24/251 r1:24/251 r2:24/251 r3:24/250)
[2026-06-07 18:23:39] Progress: 96/1003 prompts (r0:24/251 r1:24/251 r2:24/251 r3:24/250)
[2026-06-07 18:24:39] Progress: 96/1003 prompts (r0:24/251 r1:24/251 r2:24/251 r3:24/250)
[2026-06-07 18:25:39] Progress: 96/1003 prompts (r0:24/251 r1:24/251 r2:24/251 r3:24/250)
[2026-06-07 18:26:39] Progress: 96/1003 prompts (r0:24/251 r1:24/251 r2:24/251 r3:24/250)
[2026-06-07 18:27:39] Progress: 96/1003 prompts (r0:24/251 r1:24/251 r2:24/251 r3:24/250)
[2026-06-07 18:28:40] Progress: 96/1003 prompts (r0:24/251 r1:24/251 r2:24/251 r3:24/250)
[2026-06-07 18:29:40] Progress: 96/1003 prompts (r0:24/251 r1:24/251 r2:24/251 r3:24/250)
[2026-06-07 18:30:40] Progress: 96/1003 prompts (r0:24/251 r1:24/251 r2:24/251 r3:24/250)
[2026-06-07 18:31:40] Progress: 96/1003 prompts (r0:24/251 r1:24/251 r2:24/251 r3:24/250)
[2026-06-07 18:32:40] Progress: 96/1003 prompts (r0:24/251 r1:24/251 r2:24/251 r3:24/250)
[2026-06-07 18:33:40] Progress: 96/1003 prompts (r0:24/251 r1:24/251 r2:24/251 r3:24/250)
[2026-06-07 18:34:40] Progress: 96/1003 prompts (r0:24/251 r1:24/251 r2:24/251 r3:24/250)
[2026-06-07 18:35:40] Progress: 96/1003 prompts (r0:24/251 r1:24/251 r2:24/251 r3:24/250)
[2026-06-07 18:36:41] Progress: 96/1003 prompts (r0:24/251 r1:24/251 r2:24/251 r3:24/250)
[2026-06-07 18:37:41] Progress: 96/1003 prompts (r0:24/251 r1:24/251 r2:24/251 r3:24/250)
[2026-06-07 18:38:41] Progress: 96/1003 prompts (r0:24/251 r1:24/251 r2:24/251 r3:24/250)
[2026-06-07 18:39:41] Progress: 96/1003 prompts (r0:24/251 r1:24/251 r2:24/251 r3:24/250)
[2026-06-07 18:40:41] Progress: 96/1003 prompts (r0:24/251 r1:24/251 r2:24/251 r3:24/250)
[2026-06-07 18:41:41] Progress: 96/1003 prompts (r0:24/251 r1:24/251 r2:24/251 r3:24/250)
[2026-06-07 18:42:41] Progress: 96/1003 prompts (r0:24/251 r1:24/251 r2:24/251 r3:24/250)
[2026-06-07 18:43:41] Progress: 96/1003 prompts (r0:24/251 r1:24/251 r2:24/251 r3:24/250)
[2026-06-07 18:44:41] Progress: 96/1003 prompts (r0:24/251 r1:24/251 r2:24/251 r3:24/250)
[2026-06-07 18:45:42] Progress: 96/1003 prompts (r0:24/251 r1:24/251 r2:24/251 r3:24/250)
[2026-06-07 18:46:42] Progress: 96/1003 prompts (r0:24/251 r1:24/251 r2:24/251 r3:24/250)
[2026-06-07 18:47:42] Progress: 96/1003 prompts (r0:24/251 r1:24/251 r2:24/251 r3:24/250)
[2026-06-07 18:48:42] Progress: 102/1003 prompts (r0:24/251 r1:27/251 r2:24/251 r3:27/250)
[2026-06-07 18:49:42] Progress: 102/1003 prompts (r0:24/251 r1:27/251 r2:24/251 r3:27/250)
[2026-06-07 18:50:42] Progress: 102/1003 prompts (r0:24/251 r1:27/251 r2:24/251 r3:27/250)
[2026-06-07 18:51:42] Progress: 102/1003 prompts (r0:24/251 r1:27/251 r2:24/251 r3:27/250)
[2026-06-07 18:52:42] Progress: 105/1003 prompts (r0:27/251 r1:27/251 r2:24/251 r3:27/250)
[2026-06-07 18:53:42] Progress: 108/1003 prompts (r0:27/251 r1:27/251 r2:27/251 r3:27/250)
[2026-06-07 18:54:43] Progress: 108/1003 prompts (r0:27/251 r1:27/251 r2:27/251 r3:27/250)
[2026-06-07 18:55:43] Progress: 108/1003 prompts (r0:27/251 r1:27/251 r2:27/251 r3:27/250)
[2026-06-07 18:56:43] Progress: 108/1003 prompts (r0:27/251 r1:27/251 r2:27/251 r3:27/250)
[2026-06-07 18:57:43] Progress: 108/1003 prompts (r0:27/251 r1:27/251 r2:27/251 r3:27/250)
[2026-06-07 18:58:43] Progress: 108/1003 prompts (r0:27/251 r1:27/251 r2:27/251 r3:27/250)
[2026-06-07 18:59:43] Progress: 108/1003 prompts (r0:27/251 r1:27/251 r2:27/251 r3:27/250)
[2026-06-07 19:00:43] Progress: 108/1003 prompts (r0:27/251 r1:27/251 r2:27/251 r3:27/250)
[2026-06-07 19:01:43] Progress: 108/1003 prompts (r0:27/251 r1:27/251 r2:27/251 r3:27/250)
[2026-06-07 19:02:44] Progress: 108/1003 prompts (r0:27/251 r1:27/251 r2:27/251 r3:27/250)
[2026-06-07 19:03:44] Progress: 108/1003 prompts (r0:27/251 r1:27/251 r2:27/251 r3:27/250)
[2026-06-07 19:04:44] Progress: 108/1003 prompts (r0:27/251 r1:27/251 r2:27/251 r3:27/250)
[2026-06-07 19:05:44] Progress: 108/1003 prompts (r0:27/251 r1:27/251 r2:27/251 r3:27/250)
[2026-06-07 19:06:44] Progress: 108/1003 prompts (r0:27/251 r1:27/251 r2:27/251 r3:27/250)
[2026-06-07 19:07:44] Progress: 108/1003 prompts (r0:27/251 r1:27/251 r2:27/251 r3:27/250)
[2026-06-07 19:08:44] Progress: 108/1003 prompts (r0:27/251 r1:27/251 r2:27/251 r3:27/250)
[2026-06-07 19:09:44] Progress: 108/1003 prompts (r0:27/251 r1:27/251 r2:27/251 r3:27/250)
[2026-06-07 19:10:44] Progress: 108/1003 prompts (r0:27/251 r1:27/251 r2:27/251 r3:27/250)
[2026-06-07 19:11:45] Progress: 108/1003 prompts (r0:27/251 r1:27/251 r2:27/251 r3:27/250)
[2026-06-07 19:12:45] Progress: 108/1003 prompts (r0:27/251 r1:27/251 r2:27/251 r3:27/250)
[2026-06-07 19:13:45] Progress: 108/1003 prompts (r0:27/251 r1:27/251 r2:27/251 r3:27/250)
[2026-06-07 19:14:45] Progress: 108/1003 prompts (r0:27/251 r1:27/251 r2:27/251 r3:27/250)
[2026-06-07 19:15:45] Progress: 108/1003 prompts (r0:27/251 r1:27/251 r2:27/251 r3:27/250)
[2026-06-07 19:16:45] Progress: 108/1003 prompts (r0:27/251 r1:27/251 r2:27/251 r3:27/250)
[2026-06-07 19:17:45] Progress: 108/1003 prompts (r0:27/251 r1:27/251 r2:27/251 r3:27/250)
[2026-06-07 19:18:45] Progress: 111/1003 prompts (r0:27/251 r1:27/251 r2:27/251 r3:30/250)
[2026-06-07 19:19:45] Progress: 114/1003 prompts (r0:27/251 r1:30/251 r2:27/251 r3:30/250)
[2026-06-07 19:20:46] Progress: 114/1003 prompts (r0:27/251 r1:30/251 r2:27/251 r3:30/250)
[2026-06-07 19:21:46] Progress: 114/1003 prompts (r0:27/251 r1:30/251 r2:27/251 r3:30/250)
[2026-06-07 19:22:46] Progress: 117/1003 prompts (r0:30/251 r1:30/251 r2:27/251 r3:30/250)
[2026-06-07 19:23:46] Progress: 117/1003 prompts (r0:30/251 r1:30/251 r2:27/251 r3:30/250)
[2026-06-07 19:24:46] Progress: 120/1003 prompts (r0:30/251 r1:30/251 r2:30/251 r3:30/250)
[2026-06-07 19:25:46] Progress: 120/1003 prompts (r0:30/251 r1:30/251 r2:30/251 r3:30/250)
[2026-06-07 19:26:46] Progress: 120/1003 prompts (r0:30/251 r1:30/251 r2:30/251 r3:30/250)
[2026-06-07 19:27:46] Progress: 120/1003 prompts (r0:30/251 r1:30/251 r2:30/251 r3:30/250)
[2026-06-07 19:28:47] Progress: 120/1003 prompts (r0:30/251 r1:30/251 r2:30/251 r3:30/250)
[2026-06-07 19:29:47] Progress: 120/1003 prompts (r0:30/251 r1:30/251 r2:30/251 r3:30/250)
[2026-06-07 19:30:47] Progress: 120/1003 prompts (r0:30/251 r1:30/251 r2:30/251 r3:30/250)
[2026-06-07 19:31:47] Progress: 120/1003 prompts (r0:30/251 r1:30/251 r2:30/251 r3:30/250)
[2026-06-07 19:32:47] Progress: 120/1003 prompts (r0:30/251 r1:30/251 r2:30/251 r3:30/250)
[2026-06-07 19:33:47] Progress: 120/1003 prompts (r0:30/251 r1:30/251 r2:30/251 r3:30/250)
[2026-06-07 19:34:47] Progress: 120/1003 prompts (r0:30/251 r1:30/251 r2:30/251 r3:30/250)
[2026-06-07 19:35:47] Progress: 120/1003 prompts (r0:30/251 r1:30/251 r2:30/251 r3:30/250)
[2026-06-07 19:36:47] Progress: 120/1003 prompts (r0:30/251 r1:30/251 r2:30/251 r3:30/250)
[2026-06-07 19:37:48] Progress: 120/1003 prompts (r0:30/251 r1:30/251 r2:30/251 r3:30/250)
[2026-06-07 19:38:48] Progress: 120/1003 prompts (r0:30/251 r1:30/251 r2:30/251 r3:30/250)
[2026-06-07 19:39:48] Progress: 120/1003 prompts (r0:30/251 r1:30/251 r2:30/251 r3:30/250)
[2026-06-07 19:40:48] Progress: 120/1003 prompts (r0:30/251 r1:30/251 r2:30/251 r3:30/250)
[2026-06-07 19:41:48] Progress: 120/1003 prompts (r0:30/251 r1:30/251 r2:30/251 r3:30/250)
[2026-06-07 19:42:48] Progress: 120/1003 prompts (r0:30/251 r1:30/251 r2:30/251 r3:30/250)
[2026-06-07 19:43:48] Progress: 120/1003 prompts (r0:30/251 r1:30/251 r2:30/251 r3:30/250)
[2026-06-07 19:44:48] Progress: 120/1003 prompts (r0:30/251 r1:30/251 r2:30/251 r3:30/250)
[2026-06-07 19:45:48] Progress: 120/1003 prompts (r0:30/251 r1:30/251 r2:30/251 r3:30/250)
[2026-06-07 19:46:49] Progress: 120/1003 prompts (r0:30/251 r1:30/251 r2:30/251 r3:30/250)
[2026-06-07 19:47:49] Progress: 120/1003 prompts (r0:30/251 r1:30/251 r2:30/251 r3:30/250)
[2026-06-07 19:48:49] Progress: 120/1003 prompts (r0:30/251 r1:30/251 r2:30/251 r3:30/250)
[2026-06-07 19:49:49] Progress: 126/1003 prompts (r0:30/251 r1:33/251 r2:30/251 r3:33/250)
[2026-06-07 19:50:49] Progress: 126/1003 prompts (r0:30/251 r1:33/251 r2:30/251 r3:33/250)
[2026-06-07 19:51:49] Progress: 126/1003 prompts (r0:30/251 r1:33/251 r2:30/251 r3:33/250)
[2026-06-07 19:52:49] Progress: 126/1003 prompts (r0:30/251 r1:33/251 r2:30/251 r3:33/250)
[2026-06-07 19:53:49] Progress: 129/1003 prompts (r0:33/251 r1:33/251 r2:30/251 r3:33/250)
[2026-06-07 19:54:50] Progress: 132/1003 prompts (r0:33/251 r1:33/251 r2:33/251 r3:33/250)
[2026-06-07 19:55:50] Progress: 132/1003 prompts (r0:33/251 r1:33/251 r2:33/251 r3:33/250)
[2026-06-07 19:56:50] Progress: 132/1003 prompts (r0:33/251 r1:33/251 r2:33/251 r3:33/250)
[2026-06-07 19:57:50] Progress: 132/1003 prompts (r0:33/251 r1:33/251 r2:33/251 r3:33/250)
[2026-06-07 19:58:50] Progress: 132/1003 prompts (r0:33/251 r1:33/251 r2:33/251 r3:33/250)
[2026-06-07 19:59:50] Progress: 132/1003 prompts (r0:33/251 r1:33/251 r2:33/251 r3:33/250)
[2026-06-07 20:00:50] Progress: 132/1003 prompts (r0:33/251 r1:33/251 r2:33/251 r3:33/250)
[2026-06-07 20:01:50] Progress: 132/1003 prompts (r0:33/251 r1:33/251 r2:33/251 r3:33/250)
[2026-06-07 20:02:50] Progress: 132/1003 prompts (r0:33/251 r1:33/251 r2:33/251 r3:33/250)
[2026-06-07 20:03:51] Progress: 132/1003 prompts (r0:33/251 r1:33/251 r2:33/251 r3:33/250)
[2026-06-07 20:04:51] Progress: 132/1003 prompts (r0:33/251 r1:33/251 r2:33/251 r3:33/250)
[2026-06-07 20:05:51] Progress: 132/1003 prompts (r0:33/251 r1:33/251 r2:33/251 r3:33/250)
[2026-06-07 20:06:51] Progress: 132/1003 prompts (r0:33/251 r1:33/251 r2:33/251 r3:33/250)
[2026-06-07 20:07:51] Progress: 132/1003 prompts (r0:33/251 r1:33/251 r2:33/251 r3:33/250)
[2026-06-07 20:08:51] Progress: 132/1003 prompts (r0:33/251 r1:33/251 r2:33/251 r3:33/250)
[2026-06-07 20:09:51] Progress: 132/1003 prompts (r0:33/251 r1:33/251 r2:33/251 r3:33/250)
[2026-06-07 20:10:51] Progress: 132/1003 prompts (r0:33/251 r1:33/251 r2:33/251 r3:33/250)
[2026-06-07 20:11:52] Progress: 132/1003 prompts (r0:33/251 r1:33/251 r2:33/251 r3:33/250)
[2026-06-07 20:12:52] Progress: 132/1003 prompts (r0:33/251 r1:33/251 r2:33/251 r3:33/250)
[2026-06-07 20:13:52] Progress: 132/1003 prompts (r0:33/251 r1:33/251 r2:33/251 r3:33/250)
[2026-06-07 20:14:52] Progress: 132/1003 prompts (r0:33/251 r1:33/251 r2:33/251 r3:33/250)
[2026-06-07 20:15:52] Progress: 132/1003 prompts (r0:33/251 r1:33/251 r2:33/251 r3:33/250)
[2026-06-07 20:16:52] Progress: 132/1003 prompts (r0:33/251 r1:33/251 r2:33/251 r3:33/250)
[2026-06-07 20:17:52] Progress: 132/1003 prompts (r0:33/251 r1:33/251 r2:33/251 r3:33/250)
[2026-06-07 20:18:52] Progress: 132/1003 prompts (r0:33/251 r1:33/251 r2:33/251 r3:33/250)
[2026-06-07 20:19:52] Progress: 138/1003 prompts (r0:33/251 r1:36/251 r2:33/251 r3:36/250)
[2026-06-07 20:20:53] Progress: 138/1003 prompts (r0:33/251 r1:36/251 r2:33/251 r3:36/250)
[2026-06-07 20:21:53] Progress: 138/1003 prompts (r0:33/251 r1:36/251 r2:33/251 r3:36/250)
[2026-06-07 20:22:53] Progress: 138/1003 prompts (r0:33/251 r1:36/251 r2:33/251 r3:36/250)
[2026-06-07 20:23:53] Progress: 138/1003 prompts (r0:33/251 r1:36/251 r2:33/251 r3:36/250)
[2026-06-07 20:24:53] Progress: 141/1003 prompts (r0:36/251 r1:36/251 r2:33/251 r3:36/250)
[2026-06-07 20:25:53] Progress: 144/1003 prompts (r0:36/251 r1:36/251 r2:36/251 r3:36/250)
[2026-06-07 20:26:53] Progress: 144/1003 prompts (r0:36/251 r1:36/251 r2:36/251 r3:36/250)
[2026-06-07 20:27:53] Progress: 144/1003 prompts (r0:36/251 r1:36/251 r2:36/251 r3:36/250)
[2026-06-07 20:28:53] Progress: 144/1003 prompts (r0:36/251 r1:36/251 r2:36/251 r3:36/250)
[2026-06-07 20:29:54] Progress: 144/1003 prompts (r0:36/251 r1:36/251 r2:36/251 r3:36/250)
[2026-06-07 20:30:54] Progress: 144/1003 prompts (r0:36/251 r1:36/251 r2:36/251 r3:36/250)
[2026-06-07 20:31:54] Progress: 144/1003 prompts (r0:36/251 r1:36/251 r2:36/251 r3:36/250)
[2026-06-07 20:32:54] Progress: 144/1003 prompts (r0:36/251 r1:36/251 r2:36/251 r3:36/250)
[2026-06-07 20:33:54] Progress: 144/1003 prompts (r0:36/251 r1:36/251 r2:36/251 r3:36/250)
[2026-06-07 20:34:54] Progress: 144/1003 prompts (r0:36/251 r1:36/251 r2:36/251 r3:36/250)
[2026-06-07 20:35:54] Progress: 144/1003 prompts (r0:36/251 r1:36/251 r2:36/251 r3:36/250)
[2026-06-07 20:36:54] Progress: 144/1003 prompts (r0:36/251 r1:36/251 r2:36/251 r3:36/250)
[2026-06-07 20:37:55] Progress: 144/1003 prompts (r0:36/251 r1:36/251 r2:36/251 r3:36/250)
[2026-06-07 20:38:55] Progress: 144/1003 prompts (r0:36/251 r1:36/251 r2:36/251 r3:36/250)
[2026-06-07 20:39:55] Progress: 144/1003 prompts (r0:36/251 r1:36/251 r2:36/251 r3:36/250)
[2026-06-07 20:40:55] Progress: 144/1003 prompts (r0:36/251 r1:36/251 r2:36/251 r3:36/250)
[2026-06-07 20:41:55] Progress: 144/1003 prompts (r0:36/251 r1:36/251 r2:36/251 r3:36/250)
[2026-06-07 20:42:55] Progress: 144/1003 prompts (r0:36/251 r1:36/251 r2:36/251 r3:36/250)
[2026-06-07 20:43:55] Progress: 144/1003 prompts (r0:36/251 r1:36/251 r2:36/251 r3:36/250)
[2026-06-07 20:44:55] Progress: 144/1003 prompts (r0:36/251 r1:36/251 r2:36/251 r3:36/250)
[2026-06-07 20:45:55] Progress: 144/1003 prompts (r0:36/251 r1:36/251 r2:36/251 r3:36/250)
[2026-06-07 20:46:56] Progress: 144/1003 prompts (r0:36/251 r1:36/251 r2:36/251 r3:36/250)
[2026-06-07 20:47:56] Progress: 144/1003 prompts (r0:36/251 r1:36/251 r2:36/251 r3:36/250)
[2026-06-07 20:48:56] Progress: 144/1003 prompts (r0:36/251 r1:36/251 r2:36/251 r3:36/250)
[2026-06-07 20:49:56] Progress: 144/1003 prompts (r0:36/251 r1:36/251 r2:36/251 r3:36/250)
[2026-06-07 20:50:56] Progress: 150/1003 prompts (r0:36/251 r1:39/251 r2:36/251 r3:39/250)
[2026-06-07 20:51:56] Progress: 150/1003 prompts (r0:36/251 r1:39/251 r2:36/251 r3:39/250)
[2026-06-07 20:52:56] Progress: 150/1003 prompts (r0:36/251 r1:39/251 r2:36/251 r3:39/250)
[2026-06-07 20:53:56] Progress: 150/1003 prompts (r0:36/251 r1:39/251 r2:36/251 r3:39/250)
[2026-06-07 20:54:56] Progress: 150/1003 prompts (r0:36/251 r1:39/251 r2:36/251 r3:39/250)
[2026-06-07 20:55:57] Progress: 153/1003 prompts (r0:39/251 r1:39/251 r2:36/251 r3:39/250)
[2026-06-07 20:56:57] Progress: 156/1003 prompts (r0:39/251 r1:39/251 r2:39/251 r3:39/250)
[2026-06-07 20:57:57] Progress: 156/1003 prompts (r0:39/251 r1:39/251 r2:39/251 r3:39/250)
[2026-06-07 20:58:57] Progress: 156/1003 prompts (r0:39/251 r1:39/251 r2:39/251 r3:39/250)
[2026-06-07 20:59:57] Progress: 156/1003 prompts (r0:39/251 r1:39/251 r2:39/251 r3:39/250)
[2026-06-07 21:00:57] Progress: 156/1003 prompts (r0:39/251 r1:39/251 r2:39/251 r3:39/250)
[2026-06-07 21:01:57] Progress: 156/1003 prompts (r0:39/251 r1:39/251 r2:39/251 r3:39/250)
[2026-06-07 21:02:57] Progress: 156/1003 prompts (r0:39/251 r1:39/251 r2:39/251 r3:39/250)
[2026-06-07 21:03:58] Progress: 156/1003 prompts (r0:39/251 r1:39/251 r2:39/251 r3:39/250)
[2026-06-07 21:04:58] Progress: 156/1003 prompts (r0:39/251 r1:39/251 r2:39/251 r3:39/250)
[2026-06-07 21:05:58] Progress: 156/1003 prompts (r0:39/251 r1:39/251 r2:39/251 r3:39/250)
[2026-06-07 21:06:58] Progress: 156/1003 prompts (r0:39/251 r1:39/251 r2:39/251 r3:39/250)
[2026-06-07 21:07:58] Progress: 156/1003 prompts (r0:39/251 r1:39/251 r2:39/251 r3:39/250)
[2026-06-07 21:08:58] Progress: 156/1003 prompts (r0:39/251 r1:39/251 r2:39/251 r3:39/250)
[2026-06-07 21:09:58] Progress: 156/1003 prompts (r0:39/251 r1:39/251 r2:39/251 r3:39/250)
[2026-06-07 21:10:58] Progress: 156/1003 prompts (r0:39/251 r1:39/251 r2:39/251 r3:39/250)
[2026-06-07 21:11:58] Progress: 156/1003 prompts (r0:39/251 r1:39/251 r2:39/251 r3:39/250)
[2026-06-07 21:12:59] Progress: 156/1003 prompts (r0:39/251 r1:39/251 r2:39/251 r3:39/250)
[2026-06-07 21:13:59] Progress: 156/1003 prompts (r0:39/251 r1:39/251 r2:39/251 r3:39/250)
[2026-06-07 21:14:59] Progress: 156/1003 prompts (r0:39/251 r1:39/251 r2:39/251 r3:39/250)
[2026-06-07 21:15:59] Progress: 156/1003 prompts (r0:39/251 r1:39/251 r2:39/251 r3:39/250)
[2026-06-07 21:16:59] Progress: 156/1003 prompts (r0:39/251 r1:39/251 r2:39/251 r3:39/250)
[2026-06-07 21:17:59] Progress: 156/1003 prompts (r0:39/251 r1:39/251 r2:39/251 r3:39/250)
[2026-06-07 21:18:59] Progress: 156/1003 prompts (r0:39/251 r1:39/251 r2:39/251 r3:39/250)
[2026-06-07 21:19:59] Progress: 156/1003 prompts (r0:39/251 r1:39/251 r2:39/251 r3:39/250)
[2026-06-07 21:21:00] Progress: 162/1003 prompts (r0:39/251 r1:42/251 r2:39/251 r3:42/250)
[2026-06-07 21:22:00] Progress: 162/1003 prompts (r0:39/251 r1:42/251 r2:39/251 r3:42/250)
[2026-06-07 21:23:00] Progress: 162/1003 prompts (r0:39/251 r1:42/251 r2:39/251 r3:42/250)
[2026-06-07 21:24:00] Progress: 162/1003 prompts (r0:39/251 r1:42/251 r2:39/251 r3:42/250)
[2026-06-07 21:25:00] Progress: 162/1003 prompts (r0:39/251 r1:42/251 r2:39/251 r3:42/250)
[2026-06-07 21:26:00] Progress: 165/1003 prompts (r0:42/251 r1:42/251 r2:39/251 r3:42/250)
[2026-06-07 21:27:00] Progress: 165/1003 prompts (r0:42/251 r1:42/251 r2:39/251 r3:42/250)
[2026-06-07 21:28:00] Progress: 168/1003 prompts (r0:42/251 r1:42/251 r2:42/251 r3:42/250)
[2026-06-07 21:29:00] Progress: 168/1003 prompts (r0:42/251 r1:42/251 r2:42/251 r3:42/250)
[2026-06-07 21:30:01] Progress: 168/1003 prompts (r0:42/251 r1:42/251 r2:42/251 r3:42/250)
[2026-06-07 21:31:01] Progress: 168/1003 prompts (r0:42/251 r1:42/251 r2:42/251 r3:42/250)
[2026-06-07 21:32:01] Progress: 168/1003 prompts (r0:42/251 r1:42/251 r2:42/251 r3:42/250)
[2026-06-07 21:33:01] Progress: 168/1003 prompts (r0:42/251 r1:42/251 r2:42/251 r3:42/250)
[2026-06-07 21:34:01] Progress: 168/1003 prompts (r0:42/251 r1:42/251 r2:42/251 r3:42/250)
[2026-06-07 21:35:01] Progress: 168/1003 prompts (r0:42/251 r1:42/251 r2:42/251 r3:42/250)
[2026-06-07 21:36:01] Progress: 168/1003 prompts (r0:42/251 r1:42/251 r2:42/251 r3:42/250)
[2026-06-07 21:37:01] Progress: 168/1003 prompts (r0:42/251 r1:42/251 r2:42/251 r3:42/250)
[2026-06-07 21:38:02] Progress: 168/1003 prompts (r0:42/251 r1:42/251 r2:42/251 r3:42/250)
[2026-06-07 21:39:02] Progress: 168/1003 prompts (r0:42/251 r1:42/251 r2:42/251 r3:42/250)
[2026-06-07 21:40:02] Progress: 168/1003 prompts (r0:42/251 r1:42/251 r2:42/251 r3:42/250)
[2026-06-07 21:41:02] Progress: 168/1003 prompts (r0:42/251 r1:42/251 r2:42/251 r3:42/250)
[2026-06-07 21:42:02] Progress: 168/1003 prompts (r0:42/251 r1:42/251 r2:42/251 r3:42/250)
[2026-06-07 21:43:02] Progress: 168/1003 prompts (r0:42/251 r1:42/251 r2:42/251 r3:42/250)
[2026-06-07 21:44:02] Progress: 168/1003 prompts (r0:42/251 r1:42/251 r2:42/251 r3:42/250)
[2026-06-07 21:45:02] Progress: 168/1003 prompts (r0:42/251 r1:42/251 r2:42/251 r3:42/250)
[2026-06-07 21:46:02] Progress: 168/1003 prompts (r0:42/251 r1:42/251 r2:42/251 r3:42/250)
[2026-06-07 21:47:03] Progress: 168/1003 prompts (r0:42/251 r1:42/251 r2:42/251 r3:42/250)
[2026-06-07 21:48:03] Progress: 168/1003 prompts (r0:42/251 r1:42/251 r2:42/251 r3:42/250)
[2026-06-07 21:49:03] Progress: 168/1003 prompts (r0:42/251 r1:42/251 r2:42/251 r3:42/250)
[2026-06-07 21:50:03] Progress: 168/1003 prompts (r0:42/251 r1:42/251 r2:42/251 r3:42/250)
[2026-06-07 21:51:03] Progress: 174/1003 prompts (r0:42/251 r1:45/251 r2:42/251 r3:45/250)
[2026-06-07 21:52:03] Progress: 174/1003 prompts (r0:42/251 r1:45/251 r2:42/251 r3:45/250)
[2026-06-07 21:53:03] Progress: 174/1003 prompts (r0:42/251 r1:45/251 r2:42/251 r3:45/250)
[2026-06-07 21:54:03] Progress: 174/1003 prompts (r0:42/251 r1:45/251 r2:42/251 r3:45/250)
[2026-06-07 21:55:04] Progress: 174/1003 prompts (r0:42/251 r1:45/251 r2:42/251 r3:45/250)
[2026-06-07 21:56:04] Progress: 174/1003 prompts (r0:42/251 r1:45/251 r2:42/251 r3:45/250)
[2026-06-07 21:57:04] Progress: 177/1003 prompts (r0:45/251 r1:45/251 r2:42/251 r3:45/250)
[2026-06-07 21:58:04] Progress: 177/1003 prompts (r0:45/251 r1:45/251 r2:42/251 r3:45/250)
[2026-06-07 21:59:04] Progress: 180/1003 prompts (r0:45/251 r1:45/251 r2:45/251 r3:45/250)
[2026-06-07 22:00:04] Progress: 180/1003 prompts (r0:45/251 r1:45/251 r2:45/251 r3:45/250)
[2026-06-07 22:01:04] Progress: 180/1003 prompts (r0:45/251 r1:45/251 r2:45/251 r3:45/250)
[2026-06-07 22:02:04] Progress: 180/1003 prompts (r0:45/251 r1:45/251 r2:45/251 r3:45/250)
[2026-06-07 22:03:04] Progress: 180/1003 prompts (r0:45/251 r1:45/251 r2:45/251 r3:45/250)
[2026-06-07 22:04:05] Progress: 180/1003 prompts (r0:45/251 r1:45/251 r2:45/251 r3:45/250)
[2026-06-07 22:05:05] Progress: 180/1003 prompts (r0:45/251 r1:45/251 r2:45/251 r3:45/250)
[2026-06-07 22:06:05] Progress: 180/1003 prompts (r0:45/251 r1:45/251 r2:45/251 r3:45/250)
[2026-06-07 22:07:05] Progress: 180/1003 prompts (r0:45/251 r1:45/251 r2:45/251 r3:45/250)
[2026-06-07 22:08:05] Progress: 180/1003 prompts (r0:45/251 r1:45/251 r2:45/251 r3:45/250)
[2026-06-07 22:09:05] Progress: 180/1003 prompts (r0:45/251 r1:45/251 r2:45/251 r3:45/250)
[2026-06-07 22:10:05] Progress: 180/1003 prompts (r0:45/251 r1:45/251 r2:45/251 r3:45/250)
[2026-06-07 22:11:05] Progress: 180/1003 prompts (r0:45/251 r1:45/251 r2:45/251 r3:45/250)
[2026-06-07 22:12:06] Progress: 180/1003 prompts (r0:45/251 r1:45/251 r2:45/251 r3:45/250)
[2026-06-07 22:13:06] Progress: 180/1003 prompts (r0:45/251 r1:45/251 r2:45/251 r3:45/250)
[2026-06-07 22:14:06] Progress: 180/1003 prompts (r0:45/251 r1:45/251 r2:45/251 r3:45/250)
[2026-06-07 22:15:06] Progress: 180/1003 prompts (r0:45/251 r1:45/251 r2:45/251 r3:45/250)
[2026-06-07 22:16:06] Progress: 180/1003 prompts (r0:45/251 r1:45/251 r2:45/251 r3:45/250)
[2026-06-07 22:17:06] Progress: 180/1003 prompts (r0:45/251 r1:45/251 r2:45/251 r3:45/250)
[2026-06-07 22:18:06] Progress: 180/1003 prompts (r0:45/251 r1:45/251 r2:45/251 r3:45/250)
[2026-06-07 22:19:06] Progress: 180/1003 prompts (r0:45/251 r1:45/251 r2:45/251 r3:45/250)
[2026-06-07 22:20:06] Progress: 180/1003 prompts (r0:45/251 r1:45/251 r2:45/251 r3:45/250)
[2026-06-07 22:21:07] Progress: 180/1003 prompts (r0:45/251 r1:45/251 r2:45/251 r3:45/250)
[2026-06-07 22:22:07] Progress: 186/1003 prompts (r0:45/251 r1:48/251 r2:45/251 r3:48/250)
[2026-06-07 22:23:07] Progress: 186/1003 prompts (r0:45/251 r1:48/251 r2:45/251 r3:48/250)
[2026-06-07 22:24:07] Progress: 186/1003 prompts (r0:45/251 r1:48/251 r2:45/251 r3:48/250)
[2026-06-07 22:25:07] Progress: 186/1003 prompts (r0:45/251 r1:48/251 r2:45/251 r3:48/250)
[2026-06-07 22:26:07] Progress: 186/1003 prompts (r0:45/251 r1:48/251 r2:45/251 r3:48/250)
[2026-06-07 22:27:07] Progress: 186/1003 prompts (r0:45/251 r1:48/251 r2:45/251 r3:48/250)
[2026-06-07 22:28:07] Progress: 189/1003 prompts (r0:48/251 r1:48/251 r2:45/251 r3:48/250)
[2026-06-07 22:29:08] Progress: 189/1003 prompts (r0:48/251 r1:48/251 r2:45/251 r3:48/250)
[2026-06-07 22:30:08] Progress: 192/1003 prompts (r0:48/251 r1:48/251 r2:48/251 r3:48/250)
[2026-06-07 22:31:08] Progress: 192/1003 prompts (r0:48/251 r1:48/251 r2:48/251 r3:48/250)
[2026-06-07 22:32:08] Progress: 192/1003 prompts (r0:48/251 r1:48/251 r2:48/251 r3:48/250)
[2026-06-07 22:33:08] Progress: 192/1003 prompts (r0:48/251 r1:48/251 r2:48/251 r3:48/250)
[2026-06-07 22:34:08] Progress: 192/1003 prompts (r0:48/251 r1:48/251 r2:48/251 r3:48/250)
[2026-06-07 22:35:08] Progress: 192/1003 prompts (r0:48/251 r1:48/251 r2:48/251 r3:48/250)
[2026-06-07 22:36:08] Progress: 192/1003 prompts (r0:48/251 r1:48/251 r2:48/251 r3:48/250)
[2026-06-07 22:37:08] Progress: 192/1003 prompts (r0:48/251 r1:48/251 r2:48/251 r3:48/250)
[2026-06-07 22:38:09] Progress: 192/1003 prompts (r0:48/251 r1:48/251 r2:48/251 r3:48/250)
[2026-06-07 22:39:09] Progress: 192/1003 prompts (r0:48/251 r1:48/251 r2:48/251 r3:48/250)
[2026-06-07 22:40:09] Progress: 192/1003 prompts (r0:48/251 r1:48/251 r2:48/251 r3:48/250)
[2026-06-07 22:41:09] Progress: 192/1003 prompts (r0:48/251 r1:48/251 r2:48/251 r3:48/250)
[2026-06-07 22:42:09] Progress: 192/1003 prompts (r0:48/251 r1:48/251 r2:48/251 r3:48/250)
[2026-06-07 22:43:09] Progress: 192/1003 prompts (r0:48/251 r1:48/251 r2:48/251 r3:48/250)
[2026-06-07 22:44:09] Progress: 192/1003 prompts (r0:48/251 r1:48/251 r2:48/251 r3:48/250)
[2026-06-07 22:45:09] Progress: 192/1003 prompts (r0:48/251 r1:48/251 r2:48/251 r3:48/250)
[2026-06-07 22:46:10] Progress: 192/1003 prompts (r0:48/251 r1:48/251 r2:48/251 r3:48/250)
[2026-06-07 22:47:10] Progress: 192/1003 prompts (r0:48/251 r1:48/251 r2:48/251 r3:48/250)
[2026-06-07 22:48:10] Progress: 192/1003 prompts (r0:48/251 r1:48/251 r2:48/251 r3:48/250)
[2026-06-07 22:49:10] Progress: 192/1003 prompts (r0:48/251 r1:48/251 r2:48/251 r3:48/250)
[2026-06-07 22:50:10] Progress: 192/1003 prompts (r0:48/251 r1:48/251 r2:48/251 r3:48/250)
[2026-06-07 22:51:10] Progress: 192/1003 prompts (r0:48/251 r1:48/251 r2:48/251 r3:48/250)
[2026-06-07 22:52:10] Progress: 198/1003 prompts (r0:48/251 r1:51/251 r2:48/251 r3:51/250)
[2026-06-07 22:53:10] Progress: 198/1003 prompts (r0:48/251 r1:51/251 r2:48/251 r3:51/250)
[2026-06-07 22:54:11] Progress: 198/1003 prompts (r0:48/251 r1:51/251 r2:48/251 r3:51/250)
[2026-06-07 22:55:11] Progress: 198/1003 prompts (r0:48/251 r1:51/251 r2:48/251 r3:51/250)
[2026-06-07 22:56:11] Progress: 198/1003 prompts (r0:48/251 r1:51/251 r2:48/251 r3:51/250)
[2026-06-07 22:57:11] Progress: 198/1003 prompts (r0:48/251 r1:51/251 r2:48/251 r3:51/250)
[2026-06-07 22:58:11] Progress: 198/1003 prompts (r0:48/251 r1:51/251 r2:48/251 r3:51/250)
[2026-06-07 22:59:11] Progress: 201/1003 prompts (r0:51/251 r1:51/251 r2:48/251 r3:51/250)
[2026-06-07 23:00:11] Progress: 201/1003 prompts (r0:51/251 r1:51/251 r2:48/251 r3:51/250)
[2026-06-07 23:01:11] Progress: 204/1003 prompts (r0:51/251 r1:51/251 r2:51/251 r3:51/250)
[2026-06-07 23:02:11] Progress: 204/1003 prompts (r0:51/251 r1:51/251 r2:51/251 r3:51/250)
[2026-06-07 23:03:12] Progress: 204/1003 prompts (r0:51/251 r1:51/251 r2:51/251 r3:51/250)
[2026-06-07 23:04:12] Progress: 204/1003 prompts (r0:51/251 r1:51/251 r2:51/251 r3:51/250)
[2026-06-07 23:05:12] Progress: 204/1003 prompts (r0:51/251 r1:51/251 r2:51/251 r3:51/250)
[2026-06-07 23:06:12] Progress: 204/1003 prompts (r0:51/251 r1:51/251 r2:51/251 r3:51/250)
[2026-06-07 23:07:12] Progress: 204/1003 prompts (r0:51/251 r1:51/251 r2:51/251 r3:51/250)
[2026-06-07 23:08:12] Progress: 204/1003 prompts (r0:51/251 r1:51/251 r2:51/251 r3:51/250)
[2026-06-07 23:09:12] Progress: 204/1003 prompts (r0:51/251 r1:51/251 r2:51/251 r3:51/250)
[2026-06-07 23:10:12] Progress: 204/1003 prompts (r0:51/251 r1:51/251 r2:51/251 r3:51/250)
[2026-06-07 23:11:13] Progress: 204/1003 prompts (r0:51/251 r1:51/251 r2:51/251 r3:51/250)
[2026-06-07 23:12:13] Progress: 204/1003 prompts (r0:51/251 r1:51/251 r2:51/251 r3:51/250)
[2026-06-07 23:13:13] Progress: 204/1003 prompts (r0:51/251 r1:51/251 r2:51/251 r3:51/250)
[2026-06-07 23:14:13] Progress: 204/1003 prompts (r0:51/251 r1:51/251 r2:51/251 r3:51/250)
[2026-06-07 23:15:13] Progress: 204/1003 prompts (r0:51/251 r1:51/251 r2:51/251 r3:51/250)
[2026-06-07 23:16:13] Progress: 204/1003 prompts (r0:51/251 r1:51/251 r2:51/251 r3:51/250)
[2026-06-07 23:17:13] Progress: 204/1003 prompts (r0:51/251 r1:51/251 r2:51/251 r3:51/250)
[2026-06-07 23:18:13] Progress: 204/1003 prompts (r0:51/251 r1:51/251 r2:51/251 r3:51/250)
[2026-06-07 23:19:13] Progress: 204/1003 prompts (r0:51/251 r1:51/251 r2:51/251 r3:51/250)
[2026-06-07 23:20:14] Progress: 204/1003 prompts (r0:51/251 r1:51/251 r2:51/251 r3:51/250)
[2026-06-07 23:21:14] Progress: 204/1003 prompts (r0:51/251 r1:51/251 r2:51/251 r3:51/250)
[2026-06-07 23:22:14] Progress: 207/1003 prompts (r0:51/251 r1:51/251 r2:51/251 r3:54/250)
[2026-06-07 23:23:14] Progress: 210/1003 prompts (r0:51/251 r1:54/251 r2:51/251 r3:54/250)
[2026-06-07 23:24:14] Progress: 210/1003 prompts (r0:51/251 r1:54/251 r2:51/251 r3:54/250)
[2026-06-07 23:25:14] Progress: 210/1003 prompts (r0:51/251 r1:54/251 r2:51/251 r3:54/250)
[2026-06-07 23:26:14] Progress: 210/1003 prompts (r0:51/251 r1:54/251 r2:51/251 r3:54/250)
[2026-06-07 23:27:14] Progress: 210/1003 prompts (r0:51/251 r1:54/251 r2:51/251 r3:54/250)
[2026-06-07 23:28:14] Progress: 210/1003 prompts (r0:51/251 r1:54/251 r2:51/251 r3:54/250)
[2026-06-07 23:29:15] Progress: 210/1003 prompts (r0:51/251 r1:54/251 r2:51/251 r3:54/250)
[2026-06-07 23:30:15] Progress: 213/1003 prompts (r0:54/251 r1:54/251 r2:51/251 r3:54/250)
[2026-06-07 23:31:15] Progress: 216/1003 prompts (r0:54/251 r1:54/251 r2:54/251 r3:54/250)
[2026-06-07 23:32:15] Progress: 216/1003 prompts (r0:54/251 r1:54/251 r2:54/251 r3:54/250)
[2026-06-07 23:33:15] Progress: 216/1003 prompts (r0:54/251 r1:54/251 r2:54/251 r3:54/250)
[2026-06-07 23:34:15] Progress: 216/1003 prompts (r0:54/251 r1:54/251 r2:54/251 r3:54/250)
[2026-06-07 23:35:15] Progress: 216/1003 prompts (r0:54/251 r1:54/251 r2:54/251 r3:54/250)
[2026-06-07 23:36:15] Progress: 216/1003 prompts (r0:54/251 r1:54/251 r2:54/251 r3:54/250)
[2026-06-07 23:37:16] Progress: 216/1003 prompts (r0:54/251 r1:54/251 r2:54/251 r3:54/250)
[2026-06-07 23:38:16] Progress: 216/1003 prompts (r0:54/251 r1:54/251 r2:54/251 r3:54/250)
[2026-06-07 23:39:16] Progress: 216/1003 prompts (r0:54/251 r1:54/251 r2:54/251 r3:54/250)
[2026-06-07 23:40:16] Progress: 216/1003 prompts (r0:54/251 r1:54/251 r2:54/251 r3:54/250)
[2026-06-07 23:41:16] Progress: 216/1003 prompts (r0:54/251 r1:54/251 r2:54/251 r3:54/250)
[2026-06-07 23:42:16] Progress: 216/1003 prompts (r0:54/251 r1:54/251 r2:54/251 r3:54/250)
[2026-06-07 23:43:16] Progress: 216/1003 prompts (r0:54/251 r1:54/251 r2:54/251 r3:54/250)
[2026-06-07 23:44:16] Progress: 216/1003 prompts (r0:54/251 r1:54/251 r2:54/251 r3:54/250)
[2026-06-07 23:45:16] Progress: 216/1003 prompts (r0:54/251 r1:54/251 r2:54/251 r3:54/250)
[2026-06-07 23:46:17] Progress: 216/1003 prompts (r0:54/251 r1:54/251 r2:54/251 r3:54/250)
[2026-06-07 23:47:17] Progress: 216/1003 prompts (r0:54/251 r1:54/251 r2:54/251 r3:54/250)
[2026-06-07 23:48:17] Progress: 216/1003 prompts (r0:54/251 r1:54/251 r2:54/251 r3:54/250)
[2026-06-07 23:49:17] Progress: 216/1003 prompts (r0:54/251 r1:54/251 r2:54/251 r3:54/250)
[2026-06-07 23:50:17] Progress: 216/1003 prompts (r0:54/251 r1:54/251 r2:54/251 r3:54/250)
[2026-06-07 23:51:17] Progress: 216/1003 prompts (r0:54/251 r1:54/251 r2:54/251 r3:54/250)
[2026-06-07 23:52:17] Progress: 216/1003 prompts (r0:54/251 r1:54/251 r2:54/251 r3:54/250)
[2026-06-07 23:53:17] Progress: 222/1003 prompts (r0:54/251 r1:57/251 r2:54/251 r3:57/250)
[2026-06-07 23:54:18] Progress: 222/1003 prompts (r0:54/251 r1:57/251 r2:54/251 r3:57/250)
[2026-06-07 23:55:18] Progress: 222/1003 prompts (r0:54/251 r1:57/251 r2:54/251 r3:57/250)
[2026-06-07 23:56:18] Progress: 222/1003 prompts (r0:54/251 r1:57/251 r2:54/251 r3:57/250)
[2026-06-07 23:57:18] Progress: 222/1003 prompts (r0:54/251 r1:57/251 r2:54/251 r3:57/250)
[2026-06-07 23:58:18] Progress: 222/1003 prompts (r0:54/251 r1:57/251 r2:54/251 r3:57/250)
[2026-06-07 23:59:18] Progress: 222/1003 prompts (r0:54/251 r1:57/251 r2:54/251 r3:57/250)
[2026-06-08 00:00:18] Progress: 225/1003 prompts (r0:57/251 r1:57/251 r2:54/251 r3:57/250)
[2026-06-08 00:01:18] Progress: 225/1003 prompts (r0:57/251 r1:57/251 r2:54/251 r3:57/250)
[2026-06-08 00:02:18] Progress: 228/1003 prompts (r0:57/251 r1:57/251 r2:57/251 r3:57/250)
[2026-06-08 00:03:19] Progress: 228/1003 prompts (r0:57/251 r1:57/251 r2:57/251 r3:57/250)
[2026-06-08 00:04:19] Progress: 228/1003 prompts (r0:57/251 r1:57/251 r2:57/251 r3:57/250)
[2026-06-08 00:05:19] Progress: 228/1003 prompts (r0:57/251 r1:57/251 r2:57/251 r3:57/250)
[2026-06-08 00:06:19] Progress: 228/1003 prompts (r0:57/251 r1:57/251 r2:57/251 r3:57/250)
[2026-06-08 00:07:19] Progress: 228/1003 prompts (r0:57/251 r1:57/251 r2:57/251 r3:57/250)
[2026-06-08 00:08:19] Progress: 228/1003 prompts (r0:57/251 r1:57/251 r2:57/251 r3:57/250)
[2026-06-08 00:09:19] Progress: 228/1003 prompts (r0:57/251 r1:57/251 r2:57/251 r3:57/250)
[2026-06-08 00:10:19] Progress: 228/1003 prompts (r0:57/251 r1:57/251 r2:57/251 r3:57/250)
[2026-06-08 00:11:20] Progress: 228/1003 prompts (r0:57/251 r1:57/251 r2:57/251 r3:57/250)
[2026-06-08 00:12:20] Progress: 228/1003 prompts (r0:57/251 r1:57/251 r2:57/251 r3:57/250)
[2026-06-08 00:13:20] Progress: 228/1003 prompts (r0:57/251 r1:57/251 r2:57/251 r3:57/250)
[2026-06-08 00:14:20] Progress: 228/1003 prompts (r0:57/251 r1:57/251 r2:57/251 r3:57/250)
[2026-06-08 00:15:20] Progress: 228/1003 prompts (r0:57/251 r1:57/251 r2:57/251 r3:57/250)
[2026-06-08 00:16:20] Progress: 228/1003 prompts (r0:57/251 r1:57/251 r2:57/251 r3:57/250)
[2026-06-08 00:17:20] Progress: 228/1003 prompts (r0:57/251 r1:57/251 r2:57/251 r3:57/250)
[2026-06-08 00:18:20] Progress: 228/1003 prompts (r0:57/251 r1:57/251 r2:57/251 r3:57/250)
[2026-06-08 00:19:20] Progress: 228/1003 prompts (r0:57/251 r1:57/251 r2:57/251 r3:57/250)
[2026-06-08 00:20:21] Progress: 228/1003 prompts (r0:57/251 r1:57/251 r2:57/251 r3:57/250)
[2026-06-08 00:21:21] Progress: 228/1003 prompts (r0:57/251 r1:57/251 r2:57/251 r3:57/250)
[2026-06-08 00:22:21] Progress: 228/1003 prompts (r0:57/251 r1:57/251 r2:57/251 r3:57/250)
[2026-06-08 00:23:21] Progress: 234/1003 prompts (r0:57/251 r1:60/251 r2:57/251 r3:60/250)
[2026-06-08 00:24:21] Progress: 234/1003 prompts (r0:57/251 r1:60/251 r2:57/251 r3:60/250)
[2026-06-08 00:25:21] Progress: 234/1003 prompts (r0:57/251 r1:60/251 r2:57/251 r3:60/250)
[2026-06-08 00:26:21] Progress: 234/1003 prompts (r0:57/251 r1:60/251 r2:57/251 r3:60/250)
[2026-06-08 00:27:21] Progress: 234/1003 prompts (r0:57/251 r1:60/251 r2:57/251 r3:60/250)
[2026-06-08 00:28:22] Progress: 234/1003 prompts (r0:57/251 r1:60/251 r2:57/251 r3:60/250)
[2026-06-08 00:29:22] Progress: 234/1003 prompts (r0:57/251 r1:60/251 r2:57/251 r3:60/250)
[2026-06-08 00:30:22] Progress: 234/1003 prompts (r0:57/251 r1:60/251 r2:57/251 r3:60/250)
[2026-06-08 00:31:22] Progress: 237/1003 prompts (r0:60/251 r1:60/251 r2:57/251 r3:60/250)
[2026-06-08 00:32:22] Progress: 237/1003 prompts (r0:60/251 r1:60/251 r2:57/251 r3:60/250)
[2026-06-08 00:33:22] Progress: 240/1003 prompts (r0:60/251 r1:60/251 r2:60/251 r3:60/250)
[2026-06-08 00:34:22] Progress: 240/1003 prompts (r0:60/251 r1:60/251 r2:60/251 r3:60/250)
[2026-06-08 00:35:22] Progress: 240/1003 prompts (r0:60/251 r1:60/251 r2:60/251 r3:60/250)
[2026-06-08 00:36:22] Progress: 240/1003 prompts (r0:60/251 r1:60/251 r2:60/251 r3:60/250)
[2026-06-08 00:37:23] Progress: 240/1003 prompts (r0:60/251 r1:60/251 r2:60/251 r3:60/250)
[2026-06-08 00:38:23] Progress: 240/1003 prompts (r0:60/251 r1:60/251 r2:60/251 r3:60/250)
[2026-06-08 00:39:23] Progress: 240/1003 prompts (r0:60/251 r1:60/251 r2:60/251 r3:60/250)
[2026-06-08 00:40:23] Progress: 240/1003 prompts (r0:60/251 r1:60/251 r2:60/251 r3:60/250)
[2026-06-08 00:41:23] Progress: 240/1003 prompts (r0:60/251 r1:60/251 r2:60/251 r3:60/250)
[2026-06-08 00:42:23] Progress: 240/1003 prompts (r0:60/251 r1:60/251 r2:60/251 r3:60/250)
[2026-06-08 00:43:23] Progress: 240/1003 prompts (r0:60/251 r1:60/251 r2:60/251 r3:60/250)
[2026-06-08 00:44:23] Progress: 240/1003 prompts (r0:60/251 r1:60/251 r2:60/251 r3:60/250)
[2026-06-08 00:45:24] Progress: 240/1003 prompts (r0:60/251 r1:60/251 r2:60/251 r3:60/250)
[2026-06-08 00:46:24] Progress: 240/1003 prompts (r0:60/251 r1:60/251 r2:60/251 r3:60/250)
[2026-06-08 00:47:24] Progress: 240/1003 prompts (r0:60/251 r1:60/251 r2:60/251 r3:60/250)
[2026-06-08 00:48:24] Progress: 240/1003 prompts (r0:60/251 r1:60/251 r2:60/251 r3:60/250)
[2026-06-08 00:49:24] Progress: 240/1003 prompts (r0:60/251 r1:60/251 r2:60/251 r3:60/250)
[2026-06-08 00:50:24] Progress: 240/1003 prompts (r0:60/251 r1:60/251 r2:60/251 r3:60/250)
[2026-06-08 00:51:24] Progress: 240/1003 prompts (r0:60/251 r1:60/251 r2:60/251 r3:60/250)
[2026-06-08 00:52:24] Progress: 240/1003 prompts (r0:60/251 r1:60/251 r2:60/251 r3:60/250)
[2026-06-08 00:53:24] Progress: 243/1003 prompts (r0:60/251 r1:60/251 r2:60/251 r3:63/250)
[2026-06-08 00:54:25] Progress: 246/1003 prompts (r0:60/251 r1:63/251 r2:60/251 r3:63/250)
[2026-06-08 00:55:25] Progress: 246/1003 prompts (r0:60/251 r1:63/251 r2:60/251 r3:63/250)
[2026-06-08 00:56:25] Progress: 246/1003 prompts (r0:60/251 r1:63/251 r2:60/251 r3:63/250)
[2026-06-08 00:57:25] Progress: 246/1003 prompts (r0:60/251 r1:63/251 r2:60/251 r3:63/250)
[2026-06-08 00:58:25] Progress: 246/1003 prompts (r0:60/251 r1:63/251 r2:60/251 r3:63/250)
[2026-06-08 00:59:25] Progress: 246/1003 prompts (r0:60/251 r1:63/251 r2:60/251 r3:63/250)
[2026-06-08 01:00:25] Progress: 246/1003 prompts (r0:60/251 r1:63/251 r2:60/251 r3:63/250)
[2026-06-08 01:01:25] Progress: 246/1003 prompts (r0:60/251 r1:63/251 r2:60/251 r3:63/250)
[2026-06-08 01:02:25] Progress: 249/1003 prompts (r0:63/251 r1:63/251 r2:60/251 r3:63/250)
[2026-06-08 01:03:26] Progress: 249/1003 prompts (r0:63/251 r1:63/251 r2:60/251 r3:63/250)
[2026-06-08 01:04:26] Progress: 252/1003 prompts (r0:63/251 r1:63/251 r2:63/251 r3:63/250)
[2026-06-08 01:05:26] Progress: 252/1003 prompts (r0:63/251 r1:63/251 r2:63/251 r3:63/250)
[2026-06-08 01:06:26] Progress: 252/1003 prompts (r0:63/251 r1:63/251 r2:63/251 r3:63/250)
[2026-06-08 01:07:26] Progress: 252/1003 prompts (r0:63/251 r1:63/251 r2:63/251 r3:63/250)
[2026-06-08 01:08:26] Progress: 252/1003 prompts (r0:63/251 r1:63/251 r2:63/251 r3:63/250)
[2026-06-08 01:09:26] Progress: 252/1003 prompts (r0:63/251 r1:63/251 r2:63/251 r3:63/250)
[2026-06-08 01:10:26] Progress: 252/1003 prompts (r0:63/251 r1:63/251 r2:63/251 r3:63/250)
[2026-06-08 01:11:27] Progress: 252/1003 prompts (r0:63/251 r1:63/251 r2:63/251 r3:63/250)
[2026-06-08 01:12:27] Progress: 252/1003 prompts (r0:63/251 r1:63/251 r2:63/251 r3:63/250)
[2026-06-08 01:13:27] Progress: 252/1003 prompts (r0:63/251 r1:63/251 r2:63/251 r3:63/250)
[2026-06-08 01:14:27] Progress: 252/1003 prompts (r0:63/251 r1:63/251 r2:63/251 r3:63/250)
[2026-06-08 01:15:27] Progress: 252/1003 prompts (r0:63/251 r1:63/251 r2:63/251 r3:63/250)
[2026-06-08 01:16:27] Progress: 252/1003 prompts (r0:63/251 r1:63/251 r2:63/251 r3:63/250)
[2026-06-08 01:17:27] Progress: 252/1003 prompts (r0:63/251 r1:63/251 r2:63/251 r3:63/250)
[2026-06-08 01:18:27] Progress: 252/1003 prompts (r0:63/251 r1:63/251 r2:63/251 r3:63/250)
[2026-06-08 01:19:27] Progress: 252/1003 prompts (r0:63/251 r1:63/251 r2:63/251 r3:63/250)
[2026-06-08 01:20:28] Progress: 252/1003 prompts (r0:63/251 r1:63/251 r2:63/251 r3:63/250)
[2026-06-08 01:21:28] Progress: 252/1003 prompts (r0:63/251 r1:63/251 r2:63/251 r3:63/250)
[2026-06-08 01:22:28] Progress: 252/1003 prompts (r0:63/251 r1:63/251 r2:63/251 r3:63/250)
[2026-06-08 01:23:28] Progress: 252/1003 prompts (r0:63/251 r1:63/251 r2:63/251 r3:63/250)
[2026-06-08 01:24:28] Progress: 258/1003 prompts (r0:63/251 r1:66/251 r2:63/251 r3:66/250)
[2026-06-08 01:25:28] Progress: 258/1003 prompts (r0:63/251 r1:66/251 r2:63/251 r3:66/250)
[2026-06-08 01:26:28] Progress: 258/1003 prompts (r0:63/251 r1:66/251 r2:63/251 r3:66/250)
[2026-06-08 01:27:28] Progress: 258/1003 prompts (r0:63/251 r1:66/251 r2:63/251 r3:66/250)
[2026-06-08 01:28:29] Progress: 258/1003 prompts (r0:63/251 r1:66/251 r2:63/251 r3:66/250)
[2026-06-08 01:29:29] Progress: 258/1003 prompts (r0:63/251 r1:66/251 r2:63/251 r3:66/250)
[2026-06-08 01:30:29] Progress: 258/1003 prompts (r0:63/251 r1:66/251 r2:63/251 r3:66/250)
[2026-06-08 01:31:29] Progress: 258/1003 prompts (r0:63/251 r1:66/251 r2:63/251 r3:66/250)
[2026-06-08 01:32:29] Progress: 258/1003 prompts (r0:63/251 r1:66/251 r2:63/251 r3:66/250)
[2026-06-08 01:33:29] Progress: 261/1003 prompts (r0:66/251 r1:66/251 r2:63/251 r3:66/250)
[2026-06-08 01:34:29] Progress: 261/1003 prompts (r0:66/251 r1:66/251 r2:63/251 r3:66/250)
[2026-06-08 01:35:29] Progress: 264/1003 prompts (r0:66/251 r1:66/251 r2:66/251 r3:66/250)
[2026-06-08 01:36:29] Progress: 264/1003 prompts (r0:66/251 r1:66/251 r2:66/251 r3:66/250)
[2026-06-08 01:37:30] Progress: 264/1003 prompts (r0:66/251 r1:66/251 r2:66/251 r3:66/250)
[2026-06-08 01:38:30] Progress: 264/1003 prompts (r0:66/251 r1:66/251 r2:66/251 r3:66/250)
[2026-06-08 01:39:30] Progress: 264/1003 prompts (r0:66/251 r1:66/251 r2:66/251 r3:66/250)
[2026-06-08 01:40:30] Progress: 264/1003 prompts (r0:66/251 r1:66/251 r2:66/251 r3:66/250)
[2026-06-08 01:41:30] Progress: 264/1003 prompts (r0:66/251 r1:66/251 r2:66/251 r3:66/250)
[2026-06-08 01:42:30] Progress: 264/1003 prompts (r0:66/251 r1:66/251 r2:66/251 r3:66/250)
[2026-06-08 01:43:30] Progress: 264/1003 prompts (r0:66/251 r1:66/251 r2:66/251 r3:66/250)
[2026-06-08 01:44:30] Progress: 264/1003 prompts (r0:66/251 r1:66/251 r2:66/251 r3:66/250)
[2026-06-08 01:45:31] Progress: 264/1003 prompts (r0:66/251 r1:66/251 r2:66/251 r3:66/250)
[2026-06-08 01:46:31] Progress: 264/1003 prompts (r0:66/251 r1:66/251 r2:66/251 r3:66/250)
[2026-06-08 01:47:31] Progress: 264/1003 prompts (r0:66/251 r1:66/251 r2:66/251 r3:66/250)
[2026-06-08 01:48:31] Progress: 264/1003 prompts (r0:66/251 r1:66/251 r2:66/251 r3:66/250)
[2026-06-08 01:49:31] Progress: 264/1003 prompts (r0:66/251 r1:66/251 r2:66/251 r3:66/250)
[2026-06-08 01:50:31] Progress: 264/1003 prompts (r0:66/251 r1:66/251 r2:66/251 r3:66/250)
[2026-06-08 01:51:31] Progress: 264/1003 prompts (r0:66/251 r1:66/251 r2:66/251 r3:66/250)
[2026-06-08 01:52:31] Progress: 264/1003 prompts (r0:66/251 r1:66/251 r2:66/251 r3:66/250)
[2026-06-08 01:53:32] Progress: 264/1003 prompts (r0:66/251 r1:66/251 r2:66/251 r3:66/250)
[2026-06-08 01:54:32] Progress: 270/1003 prompts (r0:66/251 r1:69/251 r2:66/251 r3:69/250)
[2026-06-08 01:55:32] Progress: 270/1003 prompts (r0:66/251 r1:69/251 r2:66/251 r3:69/250)
[2026-06-08 01:56:32] Progress: 270/1003 prompts (r0:66/251 r1:69/251 r2:66/251 r3:69/250)
[2026-06-08 01:57:32] Progress: 270/1003 prompts (r0:66/251 r1:69/251 r2:66/251 r3:69/250)
[2026-06-08 01:58:32] Progress: 270/1003 prompts (r0:66/251 r1:69/251 r2:66/251 r3:69/250)
[2026-06-08 01:59:32] Progress: 270/1003 prompts (r0:66/251 r1:69/251 r2:66/251 r3:69/250)
[2026-06-08 02:00:32] Progress: 270/1003 prompts (r0:66/251 r1:69/251 r2:66/251 r3:69/250)
[2026-06-08 02:01:32] Progress: 270/1003 prompts (r0:66/251 r1:69/251 r2:66/251 r3:69/250)
[2026-06-08 02:02:33] Progress: 270/1003 prompts (r0:66/251 r1:69/251 r2:66/251 r3:69/250)
[2026-06-08 02:03:33] Progress: 273/1003 prompts (r0:69/251 r1:69/251 r2:66/251 r3:69/250)
[2026-06-08 02:04:33] Progress: 273/1003 prompts (r0:69/251 r1:69/251 r2:66/251 r3:69/250)
[2026-06-08 02:05:33] Progress: 273/1003 prompts (r0:69/251 r1:69/251 r2:66/251 r3:69/250)
[2026-06-08 02:06:33] Progress: 276/1003 prompts (r0:69/251 r1:69/251 r2:69/251 r3:69/250)
[2026-06-08 02:07:34] Progress: 276/1003 prompts (r0:69/251 r1:69/251 r2:69/251 r3:69/250)
[2026-06-08 02:08:34] Progress: 276/1003 prompts (r0:69/251 r1:69/251 r2:69/251 r3:69/250)
[2026-06-08 02:09:35] Progress: 276/1003 prompts (r0:69/251 r1:69/251 r2:69/251 r3:69/250)
[2026-06-08 02:10:35] Progress: 276/1003 prompts (r0:69/251 r1:69/251 r2:69/251 r3:69/250)
[2026-06-08 02:11:36] Progress: 276/1003 prompts (r0:69/251 r1:69/251 r2:69/251 r3:69/250)
[2026-06-08 02:12:37] Progress: 276/1003 prompts (r0:69/251 r1:69/251 r2:69/251 r3:69/250)
[2026-06-08 02:13:37] Progress: 276/1003 prompts (r0:69/251 r1:69/251 r2:69/251 r3:69/250)
[2026-06-08 02:14:37] Progress: 276/1003 prompts (r0:69/251 r1:69/251 r2:69/251 r3:69/250)
[2026-06-08 02:15:38] Progress: 276/1003 prompts (r0:69/251 r1:69/251 r2:69/251 r3:69/250)
[2026-06-08 02:16:38] Progress: 276/1003 prompts (r0:69/251 r1:69/251 r2:69/251 r3:69/250)
[2026-06-08 02:17:39] Progress: 276/1003 prompts (r0:69/251 r1:69/251 r2:69/251 r3:69/250)
[2026-06-08 02:18:40] Progress: 276/1003 prompts (r0:69/251 r1:69/251 r2:69/251 r3:69/250)
[2026-06-08 02:19:40] Progress: 276/1003 prompts (r0:69/251 r1:69/251 r2:69/251 r3:69/250)
[2026-06-08 02:20:41] Progress: 276/1003 prompts (r0:69/251 r1:69/251 r2:69/251 r3:69/250)
[2026-06-08 02:21:44] Progress: 276/1003 prompts (r0:69/251 r1:69/251 r2:69/251 r3:69/250)
[2026-06-08 02:22:44] Progress: 276/1003 prompts (r0:69/251 r1:69/251 r2:69/251 r3:69/250)
[2026-06-08 02:23:44] Progress: 276/1003 prompts (r0:69/251 r1:69/251 r2:69/251 r3:69/250)
[2026-06-08 02:24:45] Progress: 279/1003 prompts (r0:69/251 r1:69/251 r2:69/251 r3:72/250)
[2026-06-08 02:25:47] Progress: 282/1003 prompts (r0:69/251 r1:72/251 r2:69/251 r3:72/250)
[2026-06-08 02:26:48] Progress: 282/1003 prompts (r0:69/251 r1:72/251 r2:69/251 r3:72/250)
[2026-06-08 02:27:49] Progress: 282/1003 prompts (r0:69/251 r1:72/251 r2:69/251 r3:72/250)
[2026-06-08 02:28:49] Progress: 282/1003 prompts (r0:69/251 r1:72/251 r2:69/251 r3:72/250)
[2026-06-08 02:29:51] Progress: 282/1003 prompts (r0:69/251 r1:72/251 r2:69/251 r3:72/250)
[2026-06-08 02:30:51] Progress: 282/1003 prompts (r0:69/251 r1:72/251 r2:69/251 r3:72/250)
[2026-06-08 02:31:52] Progress: 282/1003 prompts (r0:69/251 r1:72/251 r2:69/251 r3:72/250)
[2026-06-08 02:32:53] Progress: 282/1003 prompts (r0:69/251 r1:72/251 r2:69/251 r3:72/250)
[2026-06-08 02:33:54] Progress: 282/1003 prompts (r0:69/251 r1:72/251 r2:69/251 r3:72/250)
[2026-06-08 02:34:55] Progress: 285/1003 prompts (r0:72/251 r1:72/251 r2:69/251 r3:72/250)
[2026-06-08 02:35:55] Progress: 285/1003 prompts (r0:72/251 r1:72/251 r2:69/251 r3:72/250)
[2026-06-08 02:36:56] Progress: 288/1003 prompts (r0:72/251 r1:72/251 r2:72/251 r3:72/250)
[2026-06-08 02:37:56] Progress: 288/1003 prompts (r0:72/251 r1:72/251 r2:72/251 r3:72/250)
[2026-06-08 02:38:57] Progress: 288/1003 prompts (r0:72/251 r1:72/251 r2:72/251 r3:72/250)
[2026-06-08 02:39:57] Progress: 288/1003 prompts (r0:72/251 r1:72/251 r2:72/251 r3:72/250)
[2026-06-08 02:40:58] Progress: 288/1003 prompts (r0:72/251 r1:72/251 r2:72/251 r3:72/250)
[2026-06-08 02:41:58] Progress: 288/1003 prompts (r0:72/251 r1:72/251 r2:72/251 r3:72/250)
[2026-06-08 02:42:58] Progress: 288/1003 prompts (r0:72/251 r1:72/251 r2:72/251 r3:72/250)
[2026-06-08 02:43:59] Progress: 288/1003 prompts (r0:72/251 r1:72/251 r2:72/251 r3:72/250)
[2026-06-08 02:45:00] Progress: 288/1003 prompts (r0:72/251 r1:72/251 r2:72/251 r3:72/250)
[2026-06-08 02:46:00] Progress: 288/1003 prompts (r0:72/251 r1:72/251 r2:72/251 r3:72/250)
[2026-06-08 02:47:01] Progress: 288/1003 prompts (r0:72/251 r1:72/251 r2:72/251 r3:72/250)
[2026-06-08 02:48:03] Progress: 288/1003 prompts (r0:72/251 r1:72/251 r2:72/251 r3:72/250)
[2026-06-08 02:49:03] Progress: 288/1003 prompts (r0:72/251 r1:72/251 r2:72/251 r3:72/250)
[2026-06-08 02:50:05] Progress: 288/1003 prompts (r0:72/251 r1:72/251 r2:72/251 r3:72/250)
[2026-06-08 02:51:05] Progress: 288/1003 prompts (r0:72/251 r1:72/251 r2:72/251 r3:72/250)
[2026-06-08 02:52:05] Progress: 288/1003 prompts (r0:72/251 r1:72/251 r2:72/251 r3:72/250)
[2026-06-08 02:53:07] Progress: 288/1003 prompts (r0:72/251 r1:72/251 r2:72/251 r3:72/250)
[2026-06-08 02:54:08] Progress: 288/1003 prompts (r0:72/251 r1:72/251 r2:72/251 r3:72/250)
[2026-06-08 02:55:11] Progress: 291/1003 prompts (r0:72/251 r1:72/251 r2:72/251 r3:75/250)
[2026-06-08 02:56:14] Progress: 294/1003 prompts (r0:72/251 r1:75/251 r2:72/251 r3:75/250)
[2026-06-08 02:57:15] Progress: 294/1003 prompts (r0:72/251 r1:75/251 r2:72/251 r3:75/250)
[2026-06-08 02:58:16] Progress: 294/1003 prompts (r0:72/251 r1:75/251 r2:72/251 r3:75/250)
[2026-06-08 02:59:18] Progress: 294/1003 prompts (r0:72/251 r1:75/251 r2:72/251 r3:75/250)
[2026-06-08 03:00:18] Progress: 294/1003 prompts (r0:72/251 r1:75/251 r2:72/251 r3:75/250)
[2026-06-08 03:01:19] Progress: 294/1003 prompts (r0:72/251 r1:75/251 r2:72/251 r3:75/250)
[2026-06-08 03:02:20] Progress: 294/1003 prompts (r0:72/251 r1:75/251 r2:72/251 r3:75/250)
[2026-06-08 03:03:21] Progress: 294/1003 prompts (r0:72/251 r1:75/251 r2:72/251 r3:75/250)
[2026-06-08 03:04:22] Progress: 294/1003 prompts (r0:72/251 r1:75/251 r2:72/251 r3:75/250)
[2026-06-08 03:05:24] Progress: 297/1003 prompts (r0:75/251 r1:75/251 r2:72/251 r3:75/250)
[2026-06-08 03:06:24] Progress: 297/1003 prompts (r0:75/251 r1:75/251 r2:72/251 r3:75/250)
[2026-06-08 03:07:24] Progress: 297/1003 prompts (r0:75/251 r1:75/251 r2:72/251 r3:75/250)
[2026-06-08 03:08:24] Progress: 300/1003 prompts (r0:75/251 r1:75/251 r2:75/251 r3:75/250)
[2026-06-08 03:09:26] Progress: 300/1003 prompts (r0:75/251 r1:75/251 r2:75/251 r3:75/250)
[2026-06-08 03:10:26] Progress: 300/1003 prompts (r0:75/251 r1:75/251 r2:75/251 r3:75/250)
[2026-06-08 03:11:28] Progress: 300/1003 prompts (r0:75/251 r1:75/251 r2:75/251 r3:75/250)
[2026-06-08 03:12:28] Progress: 300/1003 prompts (r0:75/251 r1:75/251 r2:75/251 r3:75/250)
[2026-06-08 03:13:30] Progress: 300/1003 prompts (r0:75/251 r1:75/251 r2:75/251 r3:75/250)
[2026-06-08 03:14:32] Progress: 300/1003 prompts (r0:75/251 r1:75/251 r2:75/251 r3:75/250)
[2026-06-08 03:15:33] Progress: 300/1003 prompts (r0:75/251 r1:75/251 r2:75/251 r3:75/250)
[2026-06-08 03:16:33] Progress: 300/1003 prompts (r0:75/251 r1:75/251 r2:75/251 r3:75/250)
[2026-06-08 03:17:34] Progress: 300/1003 prompts (r0:75/251 r1:75/251 r2:75/251 r3:75/250)
[2026-06-08 03:18:36] Progress: 300/1003 prompts (r0:75/251 r1:75/251 r2:75/251 r3:75/250)
[2026-06-08 03:19:37] Progress: 300/1003 prompts (r0:75/251 r1:75/251 r2:75/251 r3:75/250)
[2026-06-08 03:20:37] Progress: 300/1003 prompts (r0:75/251 r1:75/251 r2:75/251 r3:75/250)
[2026-06-08 03:21:37] Progress: 300/1003 prompts (r0:75/251 r1:75/251 r2:75/251 r3:75/250)
[2026-06-08 03:22:38] Progress: 300/1003 prompts (r0:75/251 r1:75/251 r2:75/251 r3:75/250)
[2026-06-08 03:23:40] Progress: 300/1003 prompts (r0:75/251 r1:75/251 r2:75/251 r3:75/250)
[2026-06-08 03:24:42] Progress: 300/1003 prompts (r0:75/251 r1:75/251 r2:75/251 r3:75/250)
[2026-06-08 03:25:42] Progress: 306/1003 prompts (r0:75/251 r1:78/251 r2:75/251 r3:78/250)
[2026-06-08 03:26:43] Progress: 306/1003 prompts (r0:75/251 r1:78/251 r2:75/251 r3:78/250)
[2026-06-08 03:27:43] Progress: 306/1003 prompts (r0:75/251 r1:78/251 r2:75/251 r3:78/250)
[2026-06-08 03:28:43] Progress: 306/1003 prompts (r0:75/251 r1:78/251 r2:75/251 r3:78/250)
[2026-06-08 03:29:43] Progress: 306/1003 prompts (r0:75/251 r1:78/251 r2:75/251 r3:78/250)
[2026-06-08 03:30:45] Progress: 306/1003 prompts (r0:75/251 r1:78/251 r2:75/251 r3:78/250)
[2026-06-08 03:31:45] Progress: 306/1003 prompts (r0:75/251 r1:78/251 r2:75/251 r3:78/250)
[2026-06-08 03:32:45] Progress: 306/1003 prompts (r0:75/251 r1:78/251 r2:75/251 r3:78/250)
[2026-06-08 03:33:46] Progress: 306/1003 prompts (r0:75/251 r1:78/251 r2:75/251 r3:78/250)
[2026-06-08 03:34:46] Progress: 306/1003 prompts (r0:75/251 r1:78/251 r2:75/251 r3:78/250)
[2026-06-08 03:35:46] Progress: 306/1003 prompts (r0:75/251 r1:78/251 r2:75/251 r3:78/250)
[2026-06-08 03:36:47] Progress: 309/1003 prompts (r0:78/251 r1:78/251 r2:75/251 r3:78/250)
[2026-06-08 03:37:47] Progress: 309/1003 prompts (r0:78/251 r1:78/251 r2:75/251 r3:78/250)
[2026-06-08 03:38:47] Progress: 312/1003 prompts (r0:78/251 r1:78/251 r2:78/251 r3:78/250)
[2026-06-08 03:39:48] Progress: 312/1003 prompts (r0:78/251 r1:78/251 r2:78/251 r3:78/250)
[2026-06-08 03:40:49] Progress: 312/1003 prompts (r0:78/251 r1:78/251 r2:78/251 r3:78/250)
[2026-06-08 03:41:50] Progress: 312/1003 prompts (r0:78/251 r1:78/251 r2:78/251 r3:78/250)
[2026-06-08 03:42:51] Progress: 312/1003 prompts (r0:78/251 r1:78/251 r2:78/251 r3:78/250)
[2026-06-08 03:43:51] Progress: 312/1003 prompts (r0:78/251 r1:78/251 r2:78/251 r3:78/250)
[2026-06-08 03:44:52] Progress: 312/1003 prompts (r0:78/251 r1:78/251 r2:78/251 r3:78/250)
[2026-06-08 03:45:52] Progress: 312/1003 prompts (r0:78/251 r1:78/251 r2:78/251 r3:78/250)
[2026-06-08 03:46:52] Progress: 312/1003 prompts (r0:78/251 r1:78/251 r2:78/251 r3:78/250)
[2026-06-08 03:47:53] Progress: 312/1003 prompts (r0:78/251 r1:78/251 r2:78/251 r3:78/250)
[2026-06-08 03:48:54] Progress: 312/1003 prompts (r0:78/251 r1:78/251 r2:78/251 r3:78/250)
[2026-06-08 03:49:54] Progress: 312/1003 prompts (r0:78/251 r1:78/251 r2:78/251 r3:78/250)
[2026-06-08 03:50:55] Progress: 312/1003 prompts (r0:78/251 r1:78/251 r2:78/251 r3:78/250)
[2026-06-08 03:51:55] Progress: 312/1003 prompts (r0:78/251 r1:78/251 r2:78/251 r3:78/250)
[2026-06-08 03:52:56] Progress: 312/1003 prompts (r0:78/251 r1:78/251 r2:78/251 r3:78/250)
[2026-06-08 03:53:56] Progress: 312/1003 prompts (r0:78/251 r1:78/251 r2:78/251 r3:78/250)
[2026-06-08 03:54:57] Progress: 312/1003 prompts (r0:78/251 r1:78/251 r2:78/251 r3:78/250)
[2026-06-08 03:55:57] Progress: 312/1003 prompts (r0:78/251 r1:78/251 r2:78/251 r3:78/250)
[2026-06-08 03:56:57] Progress: 318/1003 prompts (r0:78/251 r1:81/251 r2:78/251 r3:81/250)
[2026-06-08 03:57:57] Progress: 318/1003 prompts (r0:78/251 r1:81/251 r2:78/251 r3:81/250)
[2026-06-08 03:58:57] Progress: 318/1003 prompts (r0:78/251 r1:81/251 r2:78/251 r3:81/250)
[2026-06-08 03:59:58] Progress: 318/1003 prompts (r0:78/251 r1:81/251 r2:78/251 r3:81/250)
[2026-06-08 04:00:58] Progress: 318/1003 prompts (r0:78/251 r1:81/251 r2:78/251 r3:81/250)
[2026-06-08 04:01:58] Progress: 318/1003 prompts (r0:78/251 r1:81/251 r2:78/251 r3:81/250)
[2026-06-08 04:02:59] Progress: 318/1003 prompts (r0:78/251 r1:81/251 r2:78/251 r3:81/250)
[2026-06-08 04:03:59] Progress: 318/1003 prompts (r0:78/251 r1:81/251 r2:78/251 r3:81/250)
[2026-06-08 04:05:00] Progress: 318/1003 prompts (r0:78/251 r1:81/251 r2:78/251 r3:81/250)
[2026-06-08 04:06:00] Progress: 318/1003 prompts (r0:78/251 r1:81/251 r2:78/251 r3:81/250)
[2026-06-08 04:07:00] Progress: 321/1003 prompts (r0:81/251 r1:81/251 r2:78/251 r3:81/250)
[2026-06-08 04:08:00] Progress: 321/1003 prompts (r0:81/251 r1:81/251 r2:78/251 r3:81/250)
[2026-06-08 04:09:01] Progress: 321/1003 prompts (r0:81/251 r1:81/251 r2:78/251 r3:81/250)
[2026-06-08 04:10:01] Progress: 324/1003 prompts (r0:81/251 r1:81/251 r2:81/251 r3:81/250)
[2026-06-08 04:11:01] Progress: 324/1003 prompts (r0:81/251 r1:81/251 r2:81/251 r3:81/250)
[2026-06-08 04:12:02] Progress: 324/1003 prompts (r0:81/251 r1:81/251 r2:81/251 r3:81/250)
[2026-06-08 04:13:02] Progress: 324/1003 prompts (r0:81/251 r1:81/251 r2:81/251 r3:81/250)
[2026-06-08 04:14:02] Progress: 324/1003 prompts (r0:81/251 r1:81/251 r2:81/251 r3:81/250)
[2026-06-08 04:15:03] Progress: 324/1003 prompts (r0:81/251 r1:81/251 r2:81/251 r3:81/250)
[2026-06-08 04:16:03] Progress: 324/1003 prompts (r0:81/251 r1:81/251 r2:81/251 r3:81/250)
[2026-06-08 04:17:03] Progress: 324/1003 prompts (r0:81/251 r1:81/251 r2:81/251 r3:81/250)
[2026-06-08 04:18:03] Progress: 324/1003 prompts (r0:81/251 r1:81/251 r2:81/251 r3:81/250)
[2026-06-08 04:19:03] Progress: 324/1003 prompts (r0:81/251 r1:81/251 r2:81/251 r3:81/250)
[2026-06-08 04:20:04] Progress: 324/1003 prompts (r0:81/251 r1:81/251 r2:81/251 r3:81/250)
[2026-06-08 04:21:04] Progress: 324/1003 prompts (r0:81/251 r1:81/251 r2:81/251 r3:81/250)
[2026-06-08 04:22:04] Progress: 324/1003 prompts (r0:81/251 r1:81/251 r2:81/251 r3:81/250)
[2026-06-08 04:23:04] Progress: 324/1003 prompts (r0:81/251 r1:81/251 r2:81/251 r3:81/250)
[2026-06-08 04:24:05] Progress: 324/1003 prompts (r0:81/251 r1:81/251 r2:81/251 r3:81/250)
[2026-06-08 04:25:05] Progress: 324/1003 prompts (r0:81/251 r1:81/251 r2:81/251 r3:81/250)
[2026-06-08 04:26:05] Progress: 324/1003 prompts (r0:81/251 r1:81/251 r2:81/251 r3:81/250)
[2026-06-08 04:27:06] Progress: 330/1003 prompts (r0:81/251 r1:84/251 r2:81/251 r3:84/250)
[2026-06-08 04:28:06] Progress: 330/1003 prompts (r0:81/251 r1:84/251 r2:81/251 r3:84/250)
[2026-06-08 04:29:06] Progress: 330/1003 prompts (r0:81/251 r1:84/251 r2:81/251 r3:84/250)
[2026-06-08 04:30:06] Progress: 330/1003 prompts (r0:81/251 r1:84/251 r2:81/251 r3:84/250)
[2026-06-08 04:31:07] Progress: 330/1003 prompts (r0:81/251 r1:84/251 r2:81/251 r3:84/250)
[2026-06-08 04:32:07] Progress: 330/1003 prompts (r0:81/251 r1:84/251 r2:81/251 r3:84/250)
[2026-06-08 04:33:07] Progress: 330/1003 prompts (r0:81/251 r1:84/251 r2:81/251 r3:84/250)
[2026-06-08 04:34:07] Progress: 330/1003 prompts (r0:81/251 r1:84/251 r2:81/251 r3:84/250)
[2026-06-08 04:35:07] Progress: 330/1003 prompts (r0:81/251 r1:84/251 r2:81/251 r3:84/250)
[2026-06-08 04:36:07] Progress: 330/1003 prompts (r0:81/251 r1:84/251 r2:81/251 r3:84/250)
[2026-06-08 04:37:08] Progress: 330/1003 prompts (r0:81/251 r1:84/251 r2:81/251 r3:84/250)
[2026-06-08 04:38:08] Progress: 333/1003 prompts (r0:84/251 r1:84/251 r2:81/251 r3:84/250)
[2026-06-08 04:39:08] Progress: 333/1003 prompts (r0:84/251 r1:84/251 r2:81/251 r3:84/250)
[2026-06-08 04:40:08] Progress: 333/1003 prompts (r0:84/251 r1:84/251 r2:81/251 r3:84/250)
[2026-06-08 04:41:08] Progress: 336/1003 prompts (r0:84/251 r1:84/251 r2:84/251 r3:84/250)
[2026-06-08 04:42:08] Progress: 336/1003 prompts (r0:84/251 r1:84/251 r2:84/251 r3:84/250)
[2026-06-08 04:43:08] Progress: 336/1003 prompts (r0:84/251 r1:84/251 r2:84/251 r3:84/250)
[2026-06-08 04:44:08] Progress: 336/1003 prompts (r0:84/251 r1:84/251 r2:84/251 r3:84/250)
[2026-06-08 04:45:09] Progress: 336/1003 prompts (r0:84/251 r1:84/251 r2:84/251 r3:84/250)
[2026-06-08 04:46:09] Progress: 336/1003 prompts (r0:84/251 r1:84/251 r2:84/251 r3:84/250)
[2026-06-08 04:47:09] Progress: 336/1003 prompts (r0:84/251 r1:84/251 r2:84/251 r3:84/250)
[2026-06-08 04:48:09] Progress: 336/1003 prompts (r0:84/251 r1:84/251 r2:84/251 r3:84/250)
[2026-06-08 04:49:09] Progress: 336/1003 prompts (r0:84/251 r1:84/251 r2:84/251 r3:84/250)
[2026-06-08 04:50:09] Progress: 336/1003 prompts (r0:84/251 r1:84/251 r2:84/251 r3:84/250)
[2026-06-08 04:51:09] Progress: 336/1003 prompts (r0:84/251 r1:84/251 r2:84/251 r3:84/250)
[2026-06-08 04:52:10] Progress: 336/1003 prompts (r0:84/251 r1:84/251 r2:84/251 r3:84/250)
[2026-06-08 04:53:10] Progress: 336/1003 prompts (r0:84/251 r1:84/251 r2:84/251 r3:84/250)
[2026-06-08 04:54:10] Progress: 336/1003 prompts (r0:84/251 r1:84/251 r2:84/251 r3:84/250)
[2026-06-08 04:55:10] Progress: 336/1003 prompts (r0:84/251 r1:84/251 r2:84/251 r3:84/250)
[2026-06-08 04:56:10] Progress: 336/1003 prompts (r0:84/251 r1:84/251 r2:84/251 r3:84/250)
[2026-06-08 04:57:10] Progress: 342/1003 prompts (r0:84/251 r1:87/251 r2:84/251 r3:87/250)
[2026-06-08 04:58:10] Progress: 342/1003 prompts (r0:84/251 r1:87/251 r2:84/251 r3:87/250)
[2026-06-08 04:59:10] Progress: 342/1003 prompts (r0:84/251 r1:87/251 r2:84/251 r3:87/250)
[2026-06-08 05:00:11] Progress: 342/1003 prompts (r0:84/251 r1:87/251 r2:84/251 r3:87/250)
[2026-06-08 05:01:11] Progress: 342/1003 prompts (r0:84/251 r1:87/251 r2:84/251 r3:87/250)
[2026-06-08 05:02:11] Progress: 342/1003 prompts (r0:84/251 r1:87/251 r2:84/251 r3:87/250)
[2026-06-08 05:03:11] Progress: 342/1003 prompts (r0:84/251 r1:87/251 r2:84/251 r3:87/250)
[2026-06-08 05:04:11] Progress: 342/1003 prompts (r0:84/251 r1:87/251 r2:84/251 r3:87/250)
[2026-06-08 05:05:11] Progress: 342/1003 prompts (r0:84/251 r1:87/251 r2:84/251 r3:87/250)
[2026-06-08 05:06:11] Progress: 342/1003 prompts (r0:84/251 r1:87/251 r2:84/251 r3:87/250)
[2026-06-08 05:07:12] Progress: 342/1003 prompts (r0:84/251 r1:87/251 r2:84/251 r3:87/250)
[2026-06-08 05:08:12] Progress: 342/1003 prompts (r0:84/251 r1:87/251 r2:84/251 r3:87/250)
[2026-06-08 05:09:12] Progress: 345/1003 prompts (r0:87/251 r1:87/251 r2:84/251 r3:87/250)
[2026-06-08 05:10:12] Progress: 345/1003 prompts (r0:87/251 r1:87/251 r2:84/251 r3:87/250)
[2026-06-08 05:11:12] Progress: 345/1003 prompts (r0:87/251 r1:87/251 r2:84/251 r3:87/250)
[2026-06-08 05:12:12] Progress: 348/1003 prompts (r0:87/251 r1:87/251 r2:87/251 r3:87/250)
[2026-06-08 05:13:12] Progress: 348/1003 prompts (r0:87/251 r1:87/251 r2:87/251 r3:87/250)
[2026-06-08 05:14:12] Progress: 348/1003 prompts (r0:87/251 r1:87/251 r2:87/251 r3:87/250)
[2026-06-08 05:15:13] Progress: 348/1003 prompts (r0:87/251 r1:87/251 r2:87/251 r3:87/250)
[2026-06-08 05:16:13] Progress: 348/1003 prompts (r0:87/251 r1:87/251 r2:87/251 r3:87/250)
[2026-06-08 05:17:13] Progress: 348/1003 prompts (r0:87/251 r1:87/251 r2:87/251 r3:87/250)
[2026-06-08 05:18:13] Progress: 348/1003 prompts (r0:87/251 r1:87/251 r2:87/251 r3:87/250)
[2026-06-08 05:19:13] Progress: 348/1003 prompts (r0:87/251 r1:87/251 r2:87/251 r3:87/250)
[2026-06-08 05:20:13] Progress: 348/1003 prompts (r0:87/251 r1:87/251 r2:87/251 r3:87/250)
[2026-06-08 05:21:13] Progress: 348/1003 prompts (r0:87/251 r1:87/251 r2:87/251 r3:87/250)
[2026-06-08 05:22:13] Progress: 348/1003 prompts (r0:87/251 r1:87/251 r2:87/251 r3:87/250)
[2026-06-08 05:23:13] Progress: 348/1003 prompts (r0:87/251 r1:87/251 r2:87/251 r3:87/250)
[2026-06-08 05:24:14] Progress: 348/1003 prompts (r0:87/251 r1:87/251 r2:87/251 r3:87/250)
[2026-06-08 05:25:14] Progress: 348/1003 prompts (r0:87/251 r1:87/251 r2:87/251 r3:87/250)
[2026-06-08 05:26:14] Progress: 348/1003 prompts (r0:87/251 r1:87/251 r2:87/251 r3:87/250)
[2026-06-08 05:27:14] Progress: 348/1003 prompts (r0:87/251 r1:87/251 r2:87/251 r3:87/250)
[2026-06-08 05:28:14] Progress: 354/1003 prompts (r0:87/251 r1:90/251 r2:87/251 r3:90/250)
[2026-06-08 05:29:14] Progress: 354/1003 prompts (r0:87/251 r1:90/251 r2:87/251 r3:90/250)
[2026-06-08 05:30:14] Progress: 354/1003 prompts (r0:87/251 r1:90/251 r2:87/251 r3:90/250)
[2026-06-08 05:31:14] Progress: 354/1003 prompts (r0:87/251 r1:90/251 r2:87/251 r3:90/250)
[2026-06-08 05:32:15] Progress: 354/1003 prompts (r0:87/251 r1:90/251 r2:87/251 r3:90/250)
[2026-06-08 05:33:15] Progress: 354/1003 prompts (r0:87/251 r1:90/251 r2:87/251 r3:90/250)
[2026-06-08 05:34:15] Progress: 354/1003 prompts (r0:87/251 r1:90/251 r2:87/251 r3:90/250)
[2026-06-08 05:35:15] Progress: 354/1003 prompts (r0:87/251 r1:90/251 r2:87/251 r3:90/250)
[2026-06-08 05:36:15] Progress: 354/1003 prompts (r0:87/251 r1:90/251 r2:87/251 r3:90/250)
[2026-06-08 05:37:15] Progress: 354/1003 prompts (r0:87/251 r1:90/251 r2:87/251 r3:90/250)
[2026-06-08 05:38:15] Progress: 354/1003 prompts (r0:87/251 r1:90/251 r2:87/251 r3:90/250)
[2026-06-08 05:39:15] Progress: 357/1003 prompts (r0:90/251 r1:90/251 r2:87/251 r3:90/250)
[2026-06-08 05:40:15] Progress: 357/1003 prompts (r0:90/251 r1:90/251 r2:87/251 r3:90/250)
[2026-06-08 05:41:16] Progress: 357/1003 prompts (r0:90/251 r1:90/251 r2:87/251 r3:90/250)
[2026-06-08 05:42:16] Progress: 357/1003 prompts (r0:90/251 r1:90/251 r2:87/251 r3:90/250)
[2026-06-08 05:43:16] Progress: 360/1003 prompts (r0:90/251 r1:90/251 r2:90/251 r3:90/250)
[2026-06-08 05:44:16] Progress: 360/1003 prompts (r0:90/251 r1:90/251 r2:90/251 r3:90/250)
[2026-06-08 05:45:16] Progress: 360/1003 prompts (r0:90/251 r1:90/251 r2:90/251 r3:90/250)
[2026-06-08 05:46:16] Progress: 360/1003 prompts (r0:90/251 r1:90/251 r2:90/251 r3:90/250)
[2026-06-08 05:47:16] Progress: 360/1003 prompts (r0:90/251 r1:90/251 r2:90/251 r3:90/250)
[2026-06-08 05:48:16] Progress: 360/1003 prompts (r0:90/251 r1:90/251 r2:90/251 r3:90/250)
[2026-06-08 05:49:17] Progress: 360/1003 prompts (r0:90/251 r1:90/251 r2:90/251 r3:90/250)
[2026-06-08 05:50:17] Progress: 360/1003 prompts (r0:90/251 r1:90/251 r2:90/251 r3:90/250)
[2026-06-08 05:51:17] Progress: 360/1003 prompts (r0:90/251 r1:90/251 r2:90/251 r3:90/250)
[2026-06-08 05:52:17] Progress: 360/1003 prompts (r0:90/251 r1:90/251 r2:90/251 r3:90/250)
[2026-06-08 05:53:17] Progress: 360/1003 prompts (r0:90/251 r1:90/251 r2:90/251 r3:90/250)
[2026-06-08 05:54:17] Progress: 360/1003 prompts (r0:90/251 r1:90/251 r2:90/251 r3:90/250)
[2026-06-08 05:55:17] Progress: 360/1003 prompts (r0:90/251 r1:90/251 r2:90/251 r3:90/250)
[2026-06-08 05:56:17] Progress: 360/1003 prompts (r0:90/251 r1:90/251 r2:90/251 r3:90/250)
[2026-06-08 05:57:17] Progress: 360/1003 prompts (r0:90/251 r1:90/251 r2:90/251 r3:90/250)
[2026-06-08 05:58:18] Progress: 366/1003 prompts (r0:90/251 r1:93/251 r2:90/251 r3:93/250)
[2026-06-08 05:59:18] Progress: 366/1003 prompts (r0:90/251 r1:93/251 r2:90/251 r3:93/250)
[2026-06-08 06:00:18] Progress: 366/1003 prompts (r0:90/251 r1:93/251 r2:90/251 r3:93/250)
[2026-06-08 06:01:18] Progress: 366/1003 prompts (r0:90/251 r1:93/251 r2:90/251 r3:93/250)
[2026-06-08 06:02:18] Progress: 366/1003 prompts (r0:90/251 r1:93/251 r2:90/251 r3:93/250)
[2026-06-08 06:03:18] Progress: 366/1003 prompts (r0:90/251 r1:93/251 r2:90/251 r3:93/250)
[2026-06-08 06:04:18] Progress: 366/1003 prompts (r0:90/251 r1:93/251 r2:90/251 r3:93/250)
[2026-06-08 06:05:18] Progress: 366/1003 prompts (r0:90/251 r1:93/251 r2:90/251 r3:93/250)
[2026-06-08 06:06:19] Progress: 366/1003 prompts (r0:90/251 r1:93/251 r2:90/251 r3:93/250)
[2026-06-08 06:07:19] Progress: 366/1003 prompts (r0:90/251 r1:93/251 r2:90/251 r3:93/250)
[2026-06-08 06:08:19] Progress: 366/1003 prompts (r0:90/251 r1:93/251 r2:90/251 r3:93/250)
[2026-06-08 06:09:19] Progress: 366/1003 prompts (r0:90/251 r1:93/251 r2:90/251 r3:93/250)
[2026-06-08 06:10:19] Progress: 369/1003 prompts (r0:93/251 r1:93/251 r2:90/251 r3:93/250)
[2026-06-08 06:11:19] Progress: 369/1003 prompts (r0:93/251 r1:93/251 r2:90/251 r3:93/250)
[2026-06-08 06:12:19] Progress: 369/1003 prompts (r0:93/251 r1:93/251 r2:90/251 r3:93/250)
[2026-06-08 06:13:19] Progress: 372/1003 prompts (r0:93/251 r1:93/251 r2:93/251 r3:93/250)
[2026-06-08 06:14:19] Progress: 372/1003 prompts (r0:93/251 r1:93/251 r2:93/251 r3:93/250)
[2026-06-08 06:15:20] Progress: 372/1003 prompts (r0:93/251 r1:93/251 r2:93/251 r3:93/250)
[2026-06-08 06:16:20] Progress: 372/1003 prompts (r0:93/251 r1:93/251 r2:93/251 r3:93/250)
[2026-06-08 06:17:20] Progress: 372/1003 prompts (r0:93/251 r1:93/251 r2:93/251 r3:93/250)
[2026-06-08 06:18:20] Progress: 372/1003 prompts (r0:93/251 r1:93/251 r2:93/251 r3:93/250)
[2026-06-08 06:19:20] Progress: 372/1003 prompts (r0:93/251 r1:93/251 r2:93/251 r3:93/250)
[2026-06-08 06:20:20] Progress: 372/1003 prompts (r0:93/251 r1:93/251 r2:93/251 r3:93/250)
[2026-06-08 06:21:20] Progress: 372/1003 prompts (r0:93/251 r1:93/251 r2:93/251 r3:93/250)
[2026-06-08 06:22:20] Progress: 372/1003 prompts (r0:93/251 r1:93/251 r2:93/251 r3:93/250)
[2026-06-08 06:23:21] Progress: 372/1003 prompts (r0:93/251 r1:93/251 r2:93/251 r3:93/250)
[2026-06-08 06:24:21] Progress: 372/1003 prompts (r0:93/251 r1:93/251 r2:93/251 r3:93/250)
[2026-06-08 06:25:21] Progress: 372/1003 prompts (r0:93/251 r1:93/251 r2:93/251 r3:93/250)
[2026-06-08 06:26:21] Progress: 372/1003 prompts (r0:93/251 r1:93/251 r2:93/251 r3:93/250)
[2026-06-08 06:27:21] Progress: 372/1003 prompts (r0:93/251 r1:93/251 r2:93/251 r3:93/250)
[2026-06-08 06:28:21] Progress: 378/1003 prompts (r0:93/251 r1:96/251 r2:93/251 r3:96/250)
[2026-06-08 06:29:21] Progress: 378/1003 prompts (r0:93/251 r1:96/251 r2:93/251 r3:96/250)
[2026-06-08 06:30:21] Progress: 378/1003 prompts (r0:93/251 r1:96/251 r2:93/251 r3:96/250)
[2026-06-08 06:31:21] Progress: 378/1003 prompts (r0:93/251 r1:96/251 r2:93/251 r3:96/250)
[2026-06-08 06:32:22] Progress: 378/1003 prompts (r0:93/251 r1:96/251 r2:93/251 r3:96/250)
[2026-06-08 06:33:22] Progress: 378/1003 prompts (r0:93/251 r1:96/251 r2:93/251 r3:96/250)
[2026-06-08 06:34:22] Progress: 378/1003 prompts (r0:93/251 r1:96/251 r2:93/251 r3:96/250)
[2026-06-08 06:35:22] Progress: 378/1003 prompts (r0:93/251 r1:96/251 r2:93/251 r3:96/250)
[2026-06-08 06:36:22] Progress: 378/1003 prompts (r0:93/251 r1:96/251 r2:93/251 r3:96/250)
[2026-06-08 06:37:22] Progress: 378/1003 prompts (r0:93/251 r1:96/251 r2:93/251 r3:96/250)
[2026-06-08 06:38:22] Progress: 378/1003 prompts (r0:93/251 r1:96/251 r2:93/251 r3:96/250)
[2026-06-08 06:39:22] Progress: 378/1003 prompts (r0:93/251 r1:96/251 r2:93/251 r3:96/250)
[2026-06-08 06:40:23] Progress: 378/1003 prompts (r0:93/251 r1:96/251 r2:93/251 r3:96/250)
[2026-06-08 06:41:23] Progress: 381/1003 prompts (r0:96/251 r1:96/251 r2:93/251 r3:96/250)
[2026-06-08 06:42:23] Progress: 381/1003 prompts (r0:96/251 r1:96/251 r2:93/251 r3:96/250)
[2026-06-08 06:43:23] Progress: 381/1003 prompts (r0:96/251 r1:96/251 r2:93/251 r3:96/250)
[2026-06-08 06:44:23] Progress: 384/1003 prompts (r0:96/251 r1:96/251 r2:96/251 r3:96/250)
[2026-06-08 06:45:23] Progress: 384/1003 prompts (r0:96/251 r1:96/251 r2:96/251 r3:96/250)
[2026-06-08 06:46:23] Progress: 384/1003 prompts (r0:96/251 r1:96/251 r2:96/251 r3:96/250)
[2026-06-08 06:47:23] Progress: 384/1003 prompts (r0:96/251 r1:96/251 r2:96/251 r3:96/250)
[2026-06-08 06:48:23] Progress: 384/1003 prompts (r0:96/251 r1:96/251 r2:96/251 r3:96/250)
[2026-06-08 06:49:24] Progress: 384/1003 prompts (r0:96/251 r1:96/251 r2:96/251 r3:96/250)
[2026-06-08 06:50:24] Progress: 384/1003 prompts (r0:96/251 r1:96/251 r2:96/251 r3:96/250)
[2026-06-08 06:51:24] Progress: 384/1003 prompts (r0:96/251 r1:96/251 r2:96/251 r3:96/250)
[2026-06-08 06:52:24] Progress: 384/1003 prompts (r0:96/251 r1:96/251 r2:96/251 r3:96/250)
[2026-06-08 06:53:24] Progress: 384/1003 prompts (r0:96/251 r1:96/251 r2:96/251 r3:96/250)
[2026-06-08 06:54:24] Progress: 384/1003 prompts (r0:96/251 r1:96/251 r2:96/251 r3:96/250)
[2026-06-08 06:55:24] Progress: 384/1003 prompts (r0:96/251 r1:96/251 r2:96/251 r3:96/250)
[2026-06-08 06:56:24] Progress: 384/1003 prompts (r0:96/251 r1:96/251 r2:96/251 r3:96/250)
[2026-06-08 06:57:25] Progress: 384/1003 prompts (r0:96/251 r1:96/251 r2:96/251 r3:96/250)
[2026-06-08 06:58:25] Progress: 384/1003 prompts (r0:96/251 r1:96/251 r2:96/251 r3:96/250)
[2026-06-08 06:59:25] Progress: 390/1003 prompts (r0:96/251 r1:99/251 r2:96/251 r3:99/250)
[2026-06-08 07:00:25] Progress: 390/1003 prompts (r0:96/251 r1:99/251 r2:96/251 r3:99/250)
[2026-06-08 07:01:25] Progress: 390/1003 prompts (r0:96/251 r1:99/251 r2:96/251 r3:99/250)
[2026-06-08 07:02:25] Progress: 390/1003 prompts (r0:96/251 r1:99/251 r2:96/251 r3:99/250)
[2026-06-08 07:03:25] Progress: 390/1003 prompts (r0:96/251 r1:99/251 r2:96/251 r3:99/250)
[2026-06-08 07:04:25] Progress: 390/1003 prompts (r0:96/251 r1:99/251 r2:96/251 r3:99/250)
[2026-06-08 07:05:26] Progress: 390/1003 prompts (r0:96/251 r1:99/251 r2:96/251 r3:99/250)
[2026-06-08 07:06:26] Progress: 390/1003 prompts (r0:96/251 r1:99/251 r2:96/251 r3:99/250)
[2026-06-08 07:07:26] Progress: 390/1003 prompts (r0:96/251 r1:99/251 r2:96/251 r3:99/250)
[2026-06-08 07:08:26] Progress: 390/1003 prompts (r0:96/251 r1:99/251 r2:96/251 r3:99/250)
[2026-06-08 07:09:26] Progress: 390/1003 prompts (r0:96/251 r1:99/251 r2:96/251 r3:99/250)
[2026-06-08 07:10:26] Progress: 390/1003 prompts (r0:96/251 r1:99/251 r2:96/251 r3:99/250)
[2026-06-08 07:11:26] Progress: 390/1003 prompts (r0:96/251 r1:99/251 r2:96/251 r3:99/250)
[2026-06-08 07:12:26] Progress: 393/1003 prompts (r0:99/251 r1:99/251 r2:96/251 r3:99/250)
[2026-06-08 07:13:26] Progress: 393/1003 prompts (r0:99/251 r1:99/251 r2:96/251 r3:99/250)
[2026-06-08 07:14:27] Progress: 393/1003 prompts (r0:99/251 r1:99/251 r2:96/251 r3:99/250)
[2026-06-08 07:15:27] Progress: 396/1003 prompts (r0:99/251 r1:99/251 r2:99/251 r3:99/250)
[2026-06-08 07:16:27] Progress: 396/1003 prompts (r0:99/251 r1:99/251 r2:99/251 r3:99/250)
[2026-06-08 07:17:27] Progress: 396/1003 prompts (r0:99/251 r1:99/251 r2:99/251 r3:99/250)
[2026-06-08 07:18:27] Progress: 396/1003 prompts (r0:99/251 r1:99/251 r2:99/251 r3:99/250)
[2026-06-08 07:19:27] Progress: 396/1003 prompts (r0:99/251 r1:99/251 r2:99/251 r3:99/250)
[2026-06-08 07:20:27] Progress: 396/1003 prompts (r0:99/251 r1:99/251 r2:99/251 r3:99/250)
[2026-06-08 07:21:27] Progress: 396/1003 prompts (r0:99/251 r1:99/251 r2:99/251 r3:99/250)
[2026-06-08 07:22:27] Progress: 396/1003 prompts (r0:99/251 r1:99/251 r2:99/251 r3:99/250)
[2026-06-08 07:23:28] Progress: 396/1003 prompts (r0:99/251 r1:99/251 r2:99/251 r3:99/250)
[2026-06-08 07:24:28] Progress: 396/1003 prompts (r0:99/251 r1:99/251 r2:99/251 r3:99/250)
[2026-06-08 07:25:28] Progress: 396/1003 prompts (r0:99/251 r1:99/251 r2:99/251 r3:99/250)
[2026-06-08 07:26:28] Progress: 396/1003 prompts (r0:99/251 r1:99/251 r2:99/251 r3:99/250)
[2026-06-08 07:27:28] Progress: 396/1003 prompts (r0:99/251 r1:99/251 r2:99/251 r3:99/250)
[2026-06-08 07:28:28] Progress: 396/1003 prompts (r0:99/251 r1:99/251 r2:99/251 r3:99/250)
[2026-06-08 07:29:28] Progress: 402/1003 prompts (r0:99/251 r1:102/251 r2:99/251 r3:102/250)
[2026-06-08 07:30:28] Progress: 402/1003 prompts (r0:99/251 r1:102/251 r2:99/251 r3:102/250)
[2026-06-08 07:31:29] Progress: 402/1003 prompts (r0:99/251 r1:102/251 r2:99/251 r3:102/250)
[2026-06-08 07:32:29] Progress: 402/1003 prompts (r0:99/251 r1:102/251 r2:99/251 r3:102/250)
[2026-06-08 07:33:29] Progress: 402/1003 prompts (r0:99/251 r1:102/251 r2:99/251 r3:102/250)
[2026-06-08 07:34:29] Progress: 402/1003 prompts (r0:99/251 r1:102/251 r2:99/251 r3:102/250)
[2026-06-08 07:35:29] Progress: 402/1003 prompts (r0:99/251 r1:102/251 r2:99/251 r3:102/250)
[2026-06-08 07:36:29] Progress: 402/1003 prompts (r0:99/251 r1:102/251 r2:99/251 r3:102/250)
[2026-06-08 07:37:29] Progress: 402/1003 prompts (r0:99/251 r1:102/251 r2:99/251 r3:102/250)
[2026-06-08 07:38:29] Progress: 402/1003 prompts (r0:99/251 r1:102/251 r2:99/251 r3:102/250)
[2026-06-08 07:39:30] Progress: 402/1003 prompts (r0:99/251 r1:102/251 r2:99/251 r3:102/250)
[2026-06-08 07:40:30] Progress: 402/1003 prompts (r0:99/251 r1:102/251 r2:99/251 r3:102/250)
[2026-06-08 07:41:30] Progress: 402/1003 prompts (r0:99/251 r1:102/251 r2:99/251 r3:102/250)
[2026-06-08 07:42:30] Progress: 402/1003 prompts (r0:99/251 r1:102/251 r2:99/251 r3:102/250)
[2026-06-08 07:43:30] Progress: 405/1003 prompts (r0:102/251 r1:102/251 r2:99/251 r3:102/250)
[2026-06-08 07:44:30] Progress: 405/1003 prompts (r0:102/251 r1:102/251 r2:99/251 r3:102/250)
[2026-06-08 07:45:30] Progress: 405/1003 prompts (r0:102/251 r1:102/251 r2:99/251 r3:102/250)
[2026-06-08 07:46:30] Progress: 408/1003 prompts (r0:102/251 r1:102/251 r2:102/251 r3:102/250)
[2026-06-08 07:47:30] Progress: 408/1003 prompts (r0:102/251 r1:102/251 r2:102/251 r3:102/250)
[2026-06-08 07:48:31] Progress: 408/1003 prompts (r0:102/251 r1:102/251 r2:102/251 r3:102/250)
[2026-06-08 07:49:31] Progress: 408/1003 prompts (r0:102/251 r1:102/251 r2:102/251 r3:102/250)
[2026-06-08 07:50:31] Progress: 408/1003 prompts (r0:102/251 r1:102/251 r2:102/251 r3:102/250)
[2026-06-08 07:51:31] Progress: 408/1003 prompts (r0:102/251 r1:102/251 r2:102/251 r3:102/250)
[2026-06-08 07:52:31] Progress: 408/1003 prompts (r0:102/251 r1:102/251 r2:102/251 r3:102/250)
[2026-06-08 07:53:31] Progress: 408/1003 prompts (r0:102/251 r1:102/251 r2:102/251 r3:102/250)
[2026-06-08 07:54:31] Progress: 408/1003 prompts (r0:102/251 r1:102/251 r2:102/251 r3:102/250)
[2026-06-08 07:55:31] Progress: 408/1003 prompts (r0:102/251 r1:102/251 r2:102/251 r3:102/250)
[2026-06-08 07:56:32] Progress: 408/1003 prompts (r0:102/251 r1:102/251 r2:102/251 r3:102/250)
[2026-06-08 07:57:32] Progress: 408/1003 prompts (r0:102/251 r1:102/251 r2:102/251 r3:102/250)
[2026-06-08 07:58:32] Progress: 408/1003 prompts (r0:102/251 r1:102/251 r2:102/251 r3:102/250)
[2026-06-08 07:59:32] Progress: 414/1003 prompts (r0:102/251 r1:105/251 r2:102/251 r3:105/250)
[2026-06-08 08:00:32] Progress: 414/1003 prompts (r0:102/251 r1:105/251 r2:102/251 r3:105/250)
[2026-06-08 08:01:32] Progress: 414/1003 prompts (r0:102/251 r1:105/251 r2:102/251 r3:105/250)
[2026-06-08 08:02:32] Progress: 414/1003 prompts (r0:102/251 r1:105/251 r2:102/251 r3:105/250)
[2026-06-08 08:03:32] Progress: 414/1003 prompts (r0:102/251 r1:105/251 r2:102/251 r3:105/250)
[2026-06-08 08:04:33] Progress: 414/1003 prompts (r0:102/251 r1:105/251 r2:102/251 r3:105/250)
[2026-06-08 08:05:33] Progress: 414/1003 prompts (r0:102/251 r1:105/251 r2:102/251 r3:105/250)
[2026-06-08 08:06:33] Progress: 414/1003 prompts (r0:102/251 r1:105/251 r2:102/251 r3:105/250)
[2026-06-08 08:07:33] Progress: 414/1003 prompts (r0:102/251 r1:105/251 r2:102/251 r3:105/250)
[2026-06-08 08:08:33] Progress: 414/1003 prompts (r0:102/251 r1:105/251 r2:102/251 r3:105/250)
[2026-06-08 08:09:33] Progress: 414/1003 prompts (r0:102/251 r1:105/251 r2:102/251 r3:105/250)
[2026-06-08 08:10:33] Progress: 414/1003 prompts (r0:102/251 r1:105/251 r2:102/251 r3:105/250)
[2026-06-08 08:11:33] Progress: 414/1003 prompts (r0:102/251 r1:105/251 r2:102/251 r3:105/250)
[2026-06-08 08:12:33] Progress: 414/1003 prompts (r0:102/251 r1:105/251 r2:102/251 r3:105/250)
[2026-06-08 08:13:34] Progress: 417/1003 prompts (r0:105/251 r1:105/251 r2:102/251 r3:105/250)
[2026-06-08 08:14:34] Progress: 417/1003 prompts (r0:105/251 r1:105/251 r2:102/251 r3:105/250)
[2026-06-08 08:15:34] Progress: 417/1003 prompts (r0:105/251 r1:105/251 r2:102/251 r3:105/250)
[2026-06-08 08:16:34] Progress: 417/1003 prompts (r0:105/251 r1:105/251 r2:102/251 r3:105/250)
[2026-06-08 08:17:34] Progress: 420/1003 prompts (r0:105/251 r1:105/251 r2:105/251 r3:105/250)
[2026-06-08 08:18:34] Progress: 420/1003 prompts (r0:105/251 r1:105/251 r2:105/251 r3:105/250)
[2026-06-08 08:19:34] Progress: 420/1003 prompts (r0:105/251 r1:105/251 r2:105/251 r3:105/250)
[2026-06-08 08:20:34] Progress: 420/1003 prompts (r0:105/251 r1:105/251 r2:105/251 r3:105/250)
[2026-06-08 08:21:34] Progress: 420/1003 prompts (r0:105/251 r1:105/251 r2:105/251 r3:105/250)
[2026-06-08 08:22:35] Progress: 420/1003 prompts (r0:105/251 r1:105/251 r2:105/251 r3:105/250)
[2026-06-08 08:23:35] Progress: 420/1003 prompts (r0:105/251 r1:105/251 r2:105/251 r3:105/250)
[2026-06-08 08:24:35] Progress: 420/1003 prompts (r0:105/251 r1:105/251 r2:105/251 r3:105/250)
[2026-06-08 08:25:35] Progress: 420/1003 prompts (r0:105/251 r1:105/251 r2:105/251 r3:105/250)
[2026-06-08 08:26:35] Progress: 420/1003 prompts (r0:105/251 r1:105/251 r2:105/251 r3:105/250)
[2026-06-08 08:27:35] Progress: 420/1003 prompts (r0:105/251 r1:105/251 r2:105/251 r3:105/250)
[2026-06-08 08:28:35] Progress: 420/1003 prompts (r0:105/251 r1:105/251 r2:105/251 r3:105/250)
[2026-06-08 08:29:35] Progress: 420/1003 prompts (r0:105/251 r1:105/251 r2:105/251 r3:105/250)
[2026-06-08 08:30:36] Progress: 426/1003 prompts (r0:105/251 r1:108/251 r2:105/251 r3:108/250)
[2026-06-08 08:31:36] Progress: 426/1003 prompts (r0:105/251 r1:108/251 r2:105/251 r3:108/250)
[2026-06-08 08:32:36] Progress: 426/1003 prompts (r0:105/251 r1:108/251 r2:105/251 r3:108/250)
[2026-06-08 08:33:36] Progress: 426/1003 prompts (r0:105/251 r1:108/251 r2:105/251 r3:108/250)
[2026-06-08 08:34:36] Progress: 426/1003 prompts (r0:105/251 r1:108/251 r2:105/251 r3:108/250)
[2026-06-08 08:35:36] Progress: 426/1003 prompts (r0:105/251 r1:108/251 r2:105/251 r3:108/250)
[2026-06-08 08:36:36] Progress: 426/1003 prompts (r0:105/251 r1:108/251 r2:105/251 r3:108/250)
[2026-06-08 08:37:36] Progress: 426/1003 prompts (r0:105/251 r1:108/251 r2:105/251 r3:108/250)
[2026-06-08 08:38:36] Progress: 426/1003 prompts (r0:105/251 r1:108/251 r2:105/251 r3:108/250)
[2026-06-08 08:39:37] Progress: 426/1003 prompts (r0:105/251 r1:108/251 r2:105/251 r3:108/250)
[2026-06-08 08:40:37] Progress: 426/1003 prompts (r0:105/251 r1:108/251 r2:105/251 r3:108/250)
[2026-06-08 08:41:37] Progress: 426/1003 prompts (r0:105/251 r1:108/251 r2:105/251 r3:108/250)
[2026-06-08 08:42:37] Progress: 426/1003 prompts (r0:105/251 r1:108/251 r2:105/251 r3:108/250)
[2026-06-08 08:43:37] Progress: 426/1003 prompts (r0:105/251 r1:108/251 r2:105/251 r3:108/250)
[2026-06-08 08:44:37] Progress: 429/1003 prompts (r0:108/251 r1:108/251 r2:105/251 r3:108/250)
[2026-06-08 08:45:37] Progress: 429/1003 prompts (r0:108/251 r1:108/251 r2:105/251 r3:108/250)
[2026-06-08 08:46:37] Progress: 429/1003 prompts (r0:108/251 r1:108/251 r2:105/251 r3:108/250)
[2026-06-08 08:47:38] Progress: 429/1003 prompts (r0:108/251 r1:108/251 r2:105/251 r3:108/250)
[2026-06-08 08:48:38] Progress: 432/1003 prompts (r0:108/251 r1:108/251 r2:108/251 r3:108/250)
[2026-06-08 08:49:38] Progress: 432/1003 prompts (r0:108/251 r1:108/251 r2:108/251 r3:108/250)
[2026-06-08 08:50:38] Progress: 432/1003 prompts (r0:108/251 r1:108/251 r2:108/251 r3:108/250)
[2026-06-08 08:51:38] Progress: 432/1003 prompts (r0:108/251 r1:108/251 r2:108/251 r3:108/250)
[2026-06-08 08:52:38] Progress: 432/1003 prompts (r0:108/251 r1:108/251 r2:108/251 r3:108/250)
[2026-06-08 08:53:38] Progress: 432/1003 prompts (r0:108/251 r1:108/251 r2:108/251 r3:108/250)
[2026-06-08 08:54:38] Progress: 432/1003 prompts (r0:108/251 r1:108/251 r2:108/251 r3:108/250)
[2026-06-08 08:55:38] Progress: 432/1003 prompts (r0:108/251 r1:108/251 r2:108/251 r3:108/250)
[2026-06-08 08:56:39] Progress: 432/1003 prompts (r0:108/251 r1:108/251 r2:108/251 r3:108/250)
[2026-06-08 08:57:39] Progress: 432/1003 prompts (r0:108/251 r1:108/251 r2:108/251 r3:108/250)
[2026-06-08 08:58:39] Progress: 432/1003 prompts (r0:108/251 r1:108/251 r2:108/251 r3:108/250)
[2026-06-08 08:59:39] Progress: 432/1003 prompts (r0:108/251 r1:108/251 r2:108/251 r3:108/250)
[2026-06-08 09:00:39] Progress: 438/1003 prompts (r0:108/251 r1:111/251 r2:108/251 r3:111/250)
[2026-06-08 09:01:39] Progress: 438/1003 prompts (r0:108/251 r1:111/251 r2:108/251 r3:111/250)
[2026-06-08 09:02:39] Progress: 438/1003 prompts (r0:108/251 r1:111/251 r2:108/251 r3:111/250)
[2026-06-08 09:03:39] Progress: 438/1003 prompts (r0:108/251 r1:111/251 r2:108/251 r3:111/250)
[2026-06-08 09:04:40] Progress: 438/1003 prompts (r0:108/251 r1:111/251 r2:108/251 r3:111/250)
[2026-06-08 09:05:40] Progress: 438/1003 prompts (r0:108/251 r1:111/251 r2:108/251 r3:111/250)
[2026-06-08 09:06:40] Progress: 438/1003 prompts (r0:108/251 r1:111/251 r2:108/251 r3:111/250)
[2026-06-08 09:07:40] Progress: 438/1003 prompts (r0:108/251 r1:111/251 r2:108/251 r3:111/250)
[2026-06-08 09:08:40] Progress: 438/1003 prompts (r0:108/251 r1:111/251 r2:108/251 r3:111/250)
[2026-06-08 09:09:40] Progress: 438/1003 prompts (r0:108/251 r1:111/251 r2:108/251 r3:111/250)
[2026-06-08 09:10:40] Progress: 438/1003 prompts (r0:108/251 r1:111/251 r2:108/251 r3:111/250)
[2026-06-08 09:11:40] Progress: 438/1003 prompts (r0:108/251 r1:111/251 r2:108/251 r3:111/250)
[2026-06-08 09:12:40] Progress: 438/1003 prompts (r0:108/251 r1:111/251 r2:108/251 r3:111/250)
[2026-06-08 09:13:41] Progress: 438/1003 prompts (r0:108/251 r1:111/251 r2:108/251 r3:111/250)
[2026-06-08 09:14:41] Progress: 438/1003 prompts (r0:108/251 r1:111/251 r2:108/251 r3:111/250)
[2026-06-08 09:15:41] Progress: 441/1003 prompts (r0:111/251 r1:111/251 r2:108/251 r3:111/250)
[2026-06-08 09:16:41] Progress: 441/1003 prompts (r0:111/251 r1:111/251 r2:108/251 r3:111/250)
[2026-06-08 09:17:41] Progress: 441/1003 prompts (r0:111/251 r1:111/251 r2:108/251 r3:111/250)
[2026-06-08 09:18:41] Progress: 441/1003 prompts (r0:111/251 r1:111/251 r2:108/251 r3:111/250)
[2026-06-08 09:19:41] Progress: 444/1003 prompts (r0:111/251 r1:111/251 r2:111/251 r3:111/250)
[2026-06-08 09:20:41] Progress: 444/1003 prompts (r0:111/251 r1:111/251 r2:111/251 r3:111/250)
[2026-06-08 09:21:42] Progress: 444/1003 prompts (r0:111/251 r1:111/251 r2:111/251 r3:111/250)
[2026-06-08 09:22:42] Progress: 444/1003 prompts (r0:111/251 r1:111/251 r2:111/251 r3:111/250)
[2026-06-08 09:23:42] Progress: 444/1003 prompts (r0:111/251 r1:111/251 r2:111/251 r3:111/250)
[2026-06-08 09:24:42] Progress: 444/1003 prompts (r0:111/251 r1:111/251 r2:111/251 r3:111/250)
[2026-06-08 09:25:42] Progress: 444/1003 prompts (r0:111/251 r1:111/251 r2:111/251 r3:111/250)
[2026-06-08 09:26:42] Progress: 444/1003 prompts (r0:111/251 r1:111/251 r2:111/251 r3:111/250)
[2026-06-08 09:27:42] Progress: 444/1003 prompts (r0:111/251 r1:111/251 r2:111/251 r3:111/250)
[2026-06-08 09:28:42] Progress: 444/1003 prompts (r0:111/251 r1:111/251 r2:111/251 r3:111/250)
[2026-06-08 09:29:42] Progress: 444/1003 prompts (r0:111/251 r1:111/251 r2:111/251 r3:111/250)
[2026-06-08 09:30:43] Progress: 444/1003 prompts (r0:111/251 r1:111/251 r2:111/251 r3:111/250)
[2026-06-08 09:31:43] Progress: 450/1003 prompts (r0:111/251 r1:114/251 r2:111/251 r3:114/250)
[2026-06-08 09:32:43] Progress: 450/1003 prompts (r0:111/251 r1:114/251 r2:111/251 r3:114/250)
[2026-06-08 09:33:43] Progress: 450/1003 prompts (r0:111/251 r1:114/251 r2:111/251 r3:114/250)
[2026-06-08 09:34:43] Progress: 450/1003 prompts (r0:111/251 r1:114/251 r2:111/251 r3:114/250)
[2026-06-08 09:35:43] Progress: 450/1003 prompts (r0:111/251 r1:114/251 r2:111/251 r3:114/250)
[2026-06-08 09:36:43] Progress: 450/1003 prompts (r0:111/251 r1:114/251 r2:111/251 r3:114/250)
[2026-06-08 09:37:43] Progress: 450/1003 prompts (r0:111/251 r1:114/251 r2:111/251 r3:114/250)
[2026-06-08 09:38:44] Progress: 450/1003 prompts (r0:111/251 r1:114/251 r2:111/251 r3:114/250)
[2026-06-08 09:39:44] Progress: 450/1003 prompts (r0:111/251 r1:114/251 r2:111/251 r3:114/250)
[2026-06-08 09:40:44] Progress: 450/1003 prompts (r0:111/251 r1:114/251 r2:111/251 r3:114/250)
[2026-06-08 09:41:44] Progress: 450/1003 prompts (r0:111/251 r1:114/251 r2:111/251 r3:114/250)
[2026-06-08 09:42:44] Progress: 450/1003 prompts (r0:111/251 r1:114/251 r2:111/251 r3:114/250)
[2026-06-08 09:43:44] Progress: 450/1003 prompts (r0:111/251 r1:114/251 r2:111/251 r3:114/250)
[2026-06-08 09:44:44] Progress: 450/1003 prompts (r0:111/251 r1:114/251 r2:111/251 r3:114/250)
[2026-06-08 09:45:44] Progress: 450/1003 prompts (r0:111/251 r1:114/251 r2:111/251 r3:114/250)
[2026-06-08 09:46:44] Progress: 453/1003 prompts (r0:114/251 r1:114/251 r2:111/251 r3:114/250)
[2026-06-08 09:47:45] Progress: 453/1003 prompts (r0:114/251 r1:114/251 r2:111/251 r3:114/250)
[2026-06-08 09:48:45] Progress: 453/1003 prompts (r0:114/251 r1:114/251 r2:111/251 r3:114/250)
[2026-06-08 09:49:45] Progress: 453/1003 prompts (r0:114/251 r1:114/251 r2:111/251 r3:114/250)
[2026-06-08 09:50:45] Progress: 456/1003 prompts (r0:114/251 r1:114/251 r2:114/251 r3:114/250)
[2026-06-08 09:51:45] Progress: 456/1003 prompts (r0:114/251 r1:114/251 r2:114/251 r3:114/250)
[2026-06-08 09:52:45] Progress: 456/1003 prompts (r0:114/251 r1:114/251 r2:114/251 r3:114/250)
[2026-06-08 09:53:45] Progress: 456/1003 prompts (r0:114/251 r1:114/251 r2:114/251 r3:114/250)
[2026-06-08 09:54:45] Progress: 456/1003 prompts (r0:114/251 r1:114/251 r2:114/251 r3:114/250)
[2026-06-08 09:55:45] Progress: 456/1003 prompts (r0:114/251 r1:114/251 r2:114/251 r3:114/250)
[2026-06-08 09:56:46] Progress: 456/1003 prompts (r0:114/251 r1:114/251 r2:114/251 r3:114/250)
[2026-06-08 09:57:46] Progress: 456/1003 prompts (r0:114/251 r1:114/251 r2:114/251 r3:114/250)
[2026-06-08 09:58:46] Progress: 456/1003 prompts (r0:114/251 r1:114/251 r2:114/251 r3:114/250)
[2026-06-08 09:59:46] Progress: 456/1003 prompts (r0:114/251 r1:114/251 r2:114/251 r3:114/250)
[2026-06-08 10:00:46] Progress: 456/1003 prompts (r0:114/251 r1:114/251 r2:114/251 r3:114/250)
[2026-06-08 10:01:46] Progress: 462/1003 prompts (r0:114/251 r1:117/251 r2:114/251 r3:117/250)
[2026-06-08 10:02:46] Progress: 462/1003 prompts (r0:114/251 r1:117/251 r2:114/251 r3:117/250)
[2026-06-08 10:03:46] Progress: 462/1003 prompts (r0:114/251 r1:117/251 r2:114/251 r3:117/250)
[2026-06-08 10:04:47] Progress: 462/1003 prompts (r0:114/251 r1:117/251 r2:114/251 r3:117/250)
[2026-06-08 10:05:47] Progress: 462/1003 prompts (r0:114/251 r1:117/251 r2:114/251 r3:117/250)
[2026-06-08 10:06:47] Progress: 462/1003 prompts (r0:114/251 r1:117/251 r2:114/251 r3:117/250)
[2026-06-08 10:07:47] Progress: 462/1003 prompts (r0:114/251 r1:117/251 r2:114/251 r3:117/250)
[2026-06-08 10:08:47] Progress: 462/1003 prompts (r0:114/251 r1:117/251 r2:114/251 r3:117/250)
[2026-06-08 10:09:47] Progress: 462/1003 prompts (r0:114/251 r1:117/251 r2:114/251 r3:117/250)
[2026-06-08 10:10:47] Progress: 462/1003 prompts (r0:114/251 r1:117/251 r2:114/251 r3:117/250)
[2026-06-08 10:11:47] Progress: 462/1003 prompts (r0:114/251 r1:117/251 r2:114/251 r3:117/250)
[2026-06-08 10:12:47] Progress: 462/1003 prompts (r0:114/251 r1:117/251 r2:114/251 r3:117/250)
[2026-06-08 10:13:48] Progress: 462/1003 prompts (r0:114/251 r1:117/251 r2:114/251 r3:117/250)
[2026-06-08 10:14:48] Progress: 462/1003 prompts (r0:114/251 r1:117/251 r2:114/251 r3:117/250)
[2026-06-08 10:15:48] Progress: 462/1003 prompts (r0:114/251 r1:117/251 r2:114/251 r3:117/250)
[2026-06-08 10:16:48] Progress: 465/1003 prompts (r0:117/251 r1:117/251 r2:114/251 r3:117/250)
[2026-06-08 10:17:48] Progress: 465/1003 prompts (r0:117/251 r1:117/251 r2:114/251 r3:117/250)
[2026-06-08 10:18:48] Progress: 465/1003 prompts (r0:117/251 r1:117/251 r2:114/251 r3:117/250)
[2026-06-08 10:19:48] Progress: 465/1003 prompts (r0:117/251 r1:117/251 r2:114/251 r3:117/250)
[2026-06-08 10:20:48] Progress: 468/1003 prompts (r0:117/251 r1:117/251 r2:117/251 r3:117/250)
[2026-06-08 10:21:49] Progress: 468/1003 prompts (r0:117/251 r1:117/251 r2:117/251 r3:117/250)
[2026-06-08 10:22:49] Progress: 468/1003 prompts (r0:117/251 r1:117/251 r2:117/251 r3:117/250)
[2026-06-08 10:23:49] Progress: 468/1003 prompts (r0:117/251 r1:117/251 r2:117/251 r3:117/250)
[2026-06-08 10:24:49] Progress: 468/1003 prompts (r0:117/251 r1:117/251 r2:117/251 r3:117/250)
[2026-06-08 10:25:49] Progress: 468/1003 prompts (r0:117/251 r1:117/251 r2:117/251 r3:117/250)
[2026-06-08 10:26:49] Progress: 468/1003 prompts (r0:117/251 r1:117/251 r2:117/251 r3:117/250)
[2026-06-08 10:27:49] Progress: 468/1003 prompts (r0:117/251 r1:117/251 r2:117/251 r3:117/250)
[2026-06-08 10:28:49] Progress: 468/1003 prompts (r0:117/251 r1:117/251 r2:117/251 r3:117/250)
[2026-06-08 10:29:49] Progress: 468/1003 prompts (r0:117/251 r1:117/251 r2:117/251 r3:117/250)
[2026-06-08 10:30:50] Progress: 468/1003 prompts (r0:117/251 r1:117/251 r2:117/251 r3:117/250)
[2026-06-08 10:31:50] Progress: 474/1003 prompts (r0:117/251 r1:120/251 r2:117/251 r3:120/250)
[2026-06-08 10:32:50] Progress: 474/1003 prompts (r0:117/251 r1:120/251 r2:117/251 r3:120/250)
[2026-06-08 10:33:50] Progress: 474/1003 prompts (r0:117/251 r1:120/251 r2:117/251 r3:120/250)
[2026-06-08 10:34:50] Progress: 474/1003 prompts (r0:117/251 r1:120/251 r2:117/251 r3:120/250)
[2026-06-08 10:35:50] Progress: 474/1003 prompts (r0:117/251 r1:120/251 r2:117/251 r3:120/250)
[2026-06-08 10:36:50] Progress: 474/1003 prompts (r0:117/251 r1:120/251 r2:117/251 r3:120/250)
[2026-06-08 10:37:50] Progress: 474/1003 prompts (r0:117/251 r1:120/251 r2:117/251 r3:120/250)
[2026-06-08 10:38:51] Progress: 474/1003 prompts (r0:117/251 r1:120/251 r2:117/251 r3:120/250)
[2026-06-08 10:39:51] Progress: 474/1003 prompts (r0:117/251 r1:120/251 r2:117/251 r3:120/250)
[2026-06-08 10:40:51] Progress: 474/1003 prompts (r0:117/251 r1:120/251 r2:117/251 r3:120/250)
[2026-06-08 10:41:51] Progress: 474/1003 prompts (r0:117/251 r1:120/251 r2:117/251 r3:120/250)
[2026-06-08 10:42:51] Progress: 474/1003 prompts (r0:117/251 r1:120/251 r2:117/251 r3:120/250)
[2026-06-08 10:43:51] Progress: 474/1003 prompts (r0:117/251 r1:120/251 r2:117/251 r3:120/250)
[2026-06-08 10:44:51] Progress: 474/1003 prompts (r0:117/251 r1:120/251 r2:117/251 r3:120/250)
[2026-06-08 10:45:51] Progress: 474/1003 prompts (r0:117/251 r1:120/251 r2:117/251 r3:120/250)
[2026-06-08 10:46:51] Progress: 474/1003 prompts (r0:117/251 r1:120/251 r2:117/251 r3:120/250)
[2026-06-08 10:47:52] Progress: 477/1003 prompts (r0:120/251 r1:120/251 r2:117/251 r3:120/250)
[2026-06-08 10:48:52] Progress: 477/1003 prompts (r0:120/251 r1:120/251 r2:117/251 r3:120/250)
[2026-06-08 10:49:52] Progress: 477/1003 prompts (r0:120/251 r1:120/251 r2:117/251 r3:120/250)
[2026-06-08 10:50:52] Progress: 477/1003 prompts (r0:120/251 r1:120/251 r2:117/251 r3:120/250)
[2026-06-08 10:51:52] Progress: 480/1003 prompts (r0:120/251 r1:120/251 r2:120/251 r3:120/250)
[2026-06-08 10:52:52] Progress: 480/1003 prompts (r0:120/251 r1:120/251 r2:120/251 r3:120/250)
[2026-06-08 10:53:52] Progress: 480/1003 prompts (r0:120/251 r1:120/251 r2:120/251 r3:120/250)
[2026-06-08 10:54:52] Progress: 480/1003 prompts (r0:120/251 r1:120/251 r2:120/251 r3:120/250)
[2026-06-08 10:55:53] Progress: 480/1003 prompts (r0:120/251 r1:120/251 r2:120/251 r3:120/250)
[2026-06-08 10:56:53] Progress: 480/1003 prompts (r0:120/251 r1:120/251 r2:120/251 r3:120/250)
[2026-06-08 10:57:53] Progress: 480/1003 prompts (r0:120/251 r1:120/251 r2:120/251 r3:120/250)
[2026-06-08 10:58:53] Progress: 480/1003 prompts (r0:120/251 r1:120/251 r2:120/251 r3:120/250)
[2026-06-08 10:59:53] Progress: 480/1003 prompts (r0:120/251 r1:120/251 r2:120/251 r3:120/250)
[2026-06-08 11:00:53] Progress: 480/1003 prompts (r0:120/251 r1:120/251 r2:120/251 r3:120/250)
[2026-06-08 11:01:53] Progress: 480/1003 prompts (r0:120/251 r1:120/251 r2:120/251 r3:120/250)
[2026-06-08 11:02:53] Progress: 486/1003 prompts (r0:120/251 r1:123/251 r2:120/251 r3:123/250)
[2026-06-08 11:03:53] Progress: 486/1003 prompts (r0:120/251 r1:123/251 r2:120/251 r3:123/250)
[2026-06-08 11:04:54] Progress: 486/1003 prompts (r0:120/251 r1:123/251 r2:120/251 r3:123/250)
[2026-06-08 11:05:54] Progress: 486/1003 prompts (r0:120/251 r1:123/251 r2:120/251 r3:123/250)
[2026-06-08 11:06:54] Progress: 486/1003 prompts (r0:120/251 r1:123/251 r2:120/251 r3:123/250)
[2026-06-08 11:07:54] Progress: 486/1003 prompts (r0:120/251 r1:123/251 r2:120/251 r3:123/250)
[2026-06-08 11:08:54] Progress: 486/1003 prompts (r0:120/251 r1:123/251 r2:120/251 r3:123/250)
[2026-06-08 11:09:54] Progress: 486/1003 prompts (r0:120/251 r1:123/251 r2:120/251 r3:123/250)
[2026-06-08 11:10:54] Progress: 486/1003 prompts (r0:120/251 r1:123/251 r2:120/251 r3:123/250)
[2026-06-08 11:11:54] Progress: 486/1003 prompts (r0:120/251 r1:123/251 r2:120/251 r3:123/250)
[2026-06-08 11:12:55] Progress: 486/1003 prompts (r0:120/251 r1:123/251 r2:120/251 r3:123/250)
[2026-06-08 11:13:55] Progress: 486/1003 prompts (r0:120/251 r1:123/251 r2:120/251 r3:123/250)
[2026-06-08 11:14:55] Progress: 486/1003 prompts (r0:120/251 r1:123/251 r2:120/251 r3:123/250)
[2026-06-08 11:15:55] Progress: 486/1003 prompts (r0:120/251 r1:123/251 r2:120/251 r3:123/250)
[2026-06-08 11:16:55] Progress: 486/1003 prompts (r0:120/251 r1:123/251 r2:120/251 r3:123/250)
[2026-06-08 11:17:55] Progress: 486/1003 prompts (r0:120/251 r1:123/251 r2:120/251 r3:123/250)
[2026-06-08 11:18:55] Progress: 489/1003 prompts (r0:123/251 r1:123/251 r2:120/251 r3:123/250)
[2026-06-08 11:19:55] Progress: 489/1003 prompts (r0:123/251 r1:123/251 r2:120/251 r3:123/250)
[2026-06-08 11:20:55] Progress: 489/1003 prompts (r0:123/251 r1:123/251 r2:120/251 r3:123/250)
[2026-06-08 11:21:56] Progress: 489/1003 prompts (r0:123/251 r1:123/251 r2:120/251 r3:123/250)
[2026-06-08 11:22:56] Progress: 492/1003 prompts (r0:123/251 r1:123/251 r2:123/251 r3:123/250)
[2026-06-08 11:23:56] Progress: 492/1003 prompts (r0:123/251 r1:123/251 r2:123/251 r3:123/250)
[2026-06-08 11:24:56] Progress: 492/1003 prompts (r0:123/251 r1:123/251 r2:123/251 r3:123/250)
[2026-06-08 11:25:56] Progress: 492/1003 prompts (r0:123/251 r1:123/251 r2:123/251 r3:123/250)
[2026-06-08 11:26:56] Progress: 492/1003 prompts (r0:123/251 r1:123/251 r2:123/251 r3:123/250)
[2026-06-08 11:27:56] Progress: 492/1003 prompts (r0:123/251 r1:123/251 r2:123/251 r3:123/250)
[2026-06-08 11:28:56] Progress: 492/1003 prompts (r0:123/251 r1:123/251 r2:123/251 r3:123/250)
[2026-06-08 11:29:57] Progress: 492/1003 prompts (r0:123/251 r1:123/251 r2:123/251 r3:123/250)
[2026-06-08 11:30:57] Progress: 492/1003 prompts (r0:123/251 r1:123/251 r2:123/251 r3:123/250)
[2026-06-08 11:31:57] Progress: 492/1003 prompts (r0:123/251 r1:123/251 r2:123/251 r3:123/250)
[2026-06-08 11:32:57] Progress: 498/1003 prompts (r0:123/251 r1:126/251 r2:123/251 r3:126/250)
[2026-06-08 11:33:57] Progress: 498/1003 prompts (r0:123/251 r1:126/251 r2:123/251 r3:126/250)
[2026-06-08 11:34:57] Progress: 498/1003 prompts (r0:123/251 r1:126/251 r2:123/251 r3:126/250)
[2026-06-08 11:35:57] Progress: 498/1003 prompts (r0:123/251 r1:126/251 r2:123/251 r3:126/250)
[2026-06-08 11:36:57] Progress: 498/1003 prompts (r0:123/251 r1:126/251 r2:123/251 r3:126/250)
[2026-06-08 11:37:57] Progress: 498/1003 prompts (r0:123/251 r1:126/251 r2:123/251 r3:126/250)
[2026-06-08 11:38:58] Progress: 498/1003 prompts (r0:123/251 r1:126/251 r2:123/251 r3:126/250)
[2026-06-08 11:39:58] Progress: 498/1003 prompts (r0:123/251 r1:126/251 r2:123/251 r3:126/250)
[2026-06-08 11:40:58] Progress: 498/1003 prompts (r0:123/251 r1:126/251 r2:123/251 r3:126/250)
[2026-06-08 11:41:58] Progress: 498/1003 prompts (r0:123/251 r1:126/251 r2:123/251 r3:126/250)
[2026-06-08 11:42:58] Progress: 498/1003 prompts (r0:123/251 r1:126/251 r2:123/251 r3:126/250)
[2026-06-08 11:43:58] Progress: 498/1003 prompts (r0:123/251 r1:126/251 r2:123/251 r3:126/250)
[2026-06-08 11:44:58] Progress: 498/1003 prompts (r0:123/251 r1:126/251 r2:123/251 r3:126/250)
[2026-06-08 11:45:58] Progress: 498/1003 prompts (r0:123/251 r1:126/251 r2:123/251 r3:126/250)
[2026-06-08 11:46:59] Progress: 498/1003 prompts (r0:123/251 r1:126/251 r2:123/251 r3:126/250)
[2026-06-08 11:47:59] Progress: 498/1003 prompts (r0:123/251 r1:126/251 r2:123/251 r3:126/250)
[2026-06-08 11:48:59] Progress: 498/1003 prompts (r0:123/251 r1:126/251 r2:123/251 r3:126/250)
[2026-06-08 11:49:59] Progress: 501/1003 prompts (r0:126/251 r1:126/251 r2:123/251 r3:126/250)
[2026-06-08 11:50:59] Progress: 501/1003 prompts (r0:126/251 r1:126/251 r2:123/251 r3:126/250)
[2026-06-08 11:51:59] Progress: 501/1003 prompts (r0:126/251 r1:126/251 r2:123/251 r3:126/250)
[2026-06-08 11:52:59] Progress: 501/1003 prompts (r0:126/251 r1:126/251 r2:123/251 r3:126/250)
[2026-06-08 11:53:59] Progress: 504/1003 prompts (r0:126/251 r1:126/251 r2:126/251 r3:126/250)
[2026-06-08 11:54:59] Progress: 504/1003 prompts (r0:126/251 r1:126/251 r2:126/251 r3:126/250)
[2026-06-08 11:56:00] Progress: 504/1003 prompts (r0:126/251 r1:126/251 r2:126/251 r3:126/250)
[2026-06-08 11:57:00] Progress: 504/1003 prompts (r0:126/251 r1:126/251 r2:126/251 r3:126/250)
[2026-06-08 11:58:00] Progress: 504/1003 prompts (r0:126/251 r1:126/251 r2:126/251 r3:126/250)
[2026-06-08 11:59:00] Progress: 504/1003 prompts (r0:126/251 r1:126/251 r2:126/251 r3:126/250)
[2026-06-08 12:00:00] Progress: 504/1003 prompts (r0:126/251 r1:126/251 r2:126/251 r3:126/250)
[2026-06-08 12:01:00] Progress: 504/1003 prompts (r0:126/251 r1:126/251 r2:126/251 r3:126/250)
[2026-06-08 12:02:00] Progress: 504/1003 prompts (r0:126/251 r1:126/251 r2:126/251 r3:126/250)
[2026-06-08 12:03:00] Progress: 510/1003 prompts (r0:126/251 r1:129/251 r2:126/251 r3:129/250)
[2026-06-08 12:04:01] Progress: 510/1003 prompts (r0:126/251 r1:129/251 r2:126/251 r3:129/250)
[2026-06-08 12:05:01] Progress: 510/1003 prompts (r0:126/251 r1:129/251 r2:126/251 r3:129/250)
[2026-06-08 12:06:01] Progress: 510/1003 prompts (r0:126/251 r1:129/251 r2:126/251 r3:129/250)
[2026-06-08 12:07:01] Progress: 510/1003 prompts (r0:126/251 r1:129/251 r2:126/251 r3:129/250)
[2026-06-08 12:08:01] Progress: 510/1003 prompts (r0:126/251 r1:129/251 r2:126/251 r3:129/250)
[2026-06-08 12:09:01] Progress: 510/1003 prompts (r0:126/251 r1:129/251 r2:126/251 r3:129/250)
[2026-06-08 12:10:01] Progress: 510/1003 prompts (r0:126/251 r1:129/251 r2:126/251 r3:129/250)
[2026-06-08 12:11:01] Progress: 510/1003 prompts (r0:126/251 r1:129/251 r2:126/251 r3:129/250)
[2026-06-08 12:12:01] Progress: 510/1003 prompts (r0:126/251 r1:129/251 r2:126/251 r3:129/250)
[2026-06-08 12:13:02] Progress: 510/1003 prompts (r0:126/251 r1:129/251 r2:126/251 r3:129/250)
[2026-06-08 12:14:02] Progress: 510/1003 prompts (r0:126/251 r1:129/251 r2:126/251 r3:129/250)
[2026-06-08 12:15:02] Progress: 510/1003 prompts (r0:126/251 r1:129/251 r2:126/251 r3:129/250)
[2026-06-08 12:16:02] Progress: 510/1003 prompts (r0:126/251 r1:129/251 r2:126/251 r3:129/250)
[2026-06-08 12:17:02] Progress: 510/1003 prompts (r0:126/251 r1:129/251 r2:126/251 r3:129/250)
[2026-06-08 12:18:02] Progress: 510/1003 prompts (r0:126/251 r1:129/251 r2:126/251 r3:129/250)
[2026-06-08 12:19:02] Progress: 510/1003 prompts (r0:126/251 r1:129/251 r2:126/251 r3:129/250)
[2026-06-08 12:20:02] Progress: 513/1003 prompts (r0:129/251 r1:129/251 r2:126/251 r3:129/250)
[2026-06-08 12:21:03] Progress: 513/1003 prompts (r0:129/251 r1:129/251 r2:126/251 r3:129/250)
[2026-06-08 12:22:03] Progress: 513/1003 prompts (r0:129/251 r1:129/251 r2:126/251 r3:129/250)
[2026-06-08 12:23:03] Progress: 513/1003 prompts (r0:129/251 r1:129/251 r2:126/251 r3:129/250)
[2026-06-08 12:24:03] Progress: 513/1003 prompts (r0:129/251 r1:129/251 r2:126/251 r3:129/250)
[2026-06-08 12:25:03] Progress: 516/1003 prompts (r0:129/251 r1:129/251 r2:129/251 r3:129/250)
[2026-06-08 12:26:03] Progress: 516/1003 prompts (r0:129/251 r1:129/251 r2:129/251 r3:129/250)
[2026-06-08 12:27:03] Progress: 516/1003 prompts (r0:129/251 r1:129/251 r2:129/251 r3:129/250)
[2026-06-08 12:28:03] Progress: 516/1003 prompts (r0:129/251 r1:129/251 r2:129/251 r3:129/250)
[2026-06-08 12:29:03] Progress: 516/1003 prompts (r0:129/251 r1:129/251 r2:129/251 r3:129/250)
[2026-06-08 12:30:04] Progress: 516/1003 prompts (r0:129/251 r1:129/251 r2:129/251 r3:129/250)
[2026-06-08 12:31:04] Progress: 516/1003 prompts (r0:129/251 r1:129/251 r2:129/251 r3:129/250)
[2026-06-08 12:32:04] Progress: 516/1003 prompts (r0:129/251 r1:129/251 r2:129/251 r3:129/250)
[2026-06-08 12:33:04] Progress: 516/1003 prompts (r0:129/251 r1:129/251 r2:129/251 r3:129/250)
[2026-06-08 12:34:04] Progress: 522/1003 prompts (r0:129/251 r1:132/251 r2:129/251 r3:132/250)
[2026-06-08 12:35:04] Progress: 522/1003 prompts (r0:129/251 r1:132/251 r2:129/251 r3:132/250)
[2026-06-08 12:36:04] Progress: 522/1003 prompts (r0:129/251 r1:132/251 r2:129/251 r3:132/250)
[2026-06-08 12:37:04] Progress: 522/1003 prompts (r0:129/251 r1:132/251 r2:129/251 r3:132/250)
[2026-06-08 12:38:05] Progress: 522/1003 prompts (r0:129/251 r1:132/251 r2:129/251 r3:132/250)
[2026-06-08 12:39:05] Progress: 522/1003 prompts (r0:129/251 r1:132/251 r2:129/251 r3:132/250)
[2026-06-08 12:40:05] Progress: 522/1003 prompts (r0:129/251 r1:132/251 r2:129/251 r3:132/250)
[2026-06-08 12:41:05] Progress: 522/1003 prompts (r0:129/251 r1:132/251 r2:129/251 r3:132/250)
[2026-06-08 12:42:05] Progress: 522/1003 prompts (r0:129/251 r1:132/251 r2:129/251 r3:132/250)
[2026-06-08 12:43:05] Progress: 522/1003 prompts (r0:129/251 r1:132/251 r2:129/251 r3:132/250)
[2026-06-08 12:44:05] Progress: 522/1003 prompts (r0:129/251 r1:132/251 r2:129/251 r3:132/250)
[2026-06-08 12:45:05] Progress: 522/1003 prompts (r0:129/251 r1:132/251 r2:129/251 r3:132/250)
[2026-06-08 12:46:05] Progress: 522/1003 prompts (r0:129/251 r1:132/251 r2:129/251 r3:132/250)
[2026-06-08 12:47:06] Progress: 522/1003 prompts (r0:129/251 r1:132/251 r2:129/251 r3:132/250)
[2026-06-08 12:48:06] Progress: 522/1003 prompts (r0:129/251 r1:132/251 r2:129/251 r3:132/250)
[2026-06-08 12:49:06] Progress: 522/1003 prompts (r0:129/251 r1:132/251 r2:129/251 r3:132/250)
[2026-06-08 12:50:06] Progress: 522/1003 prompts (r0:129/251 r1:132/251 r2:129/251 r3:132/250)
[2026-06-08 12:51:06] Progress: 525/1003 prompts (r0:132/251 r1:132/251 r2:129/251 r3:132/250)
[2026-06-08 12:52:06] Progress: 525/1003 prompts (r0:132/251 r1:132/251 r2:129/251 r3:132/250)
[2026-06-08 12:53:06] Progress: 525/1003 prompts (r0:132/251 r1:132/251 r2:129/251 r3:132/250)
[2026-06-08 12:54:06] Progress: 525/1003 prompts (r0:132/251 r1:132/251 r2:129/251 r3:132/250)
[2026-06-08 12:55:06] Progress: 525/1003 prompts (r0:132/251 r1:132/251 r2:129/251 r3:132/250)
[2026-06-08 12:56:07] Progress: 528/1003 prompts (r0:132/251 r1:132/251 r2:132/251 r3:132/250)
[2026-06-08 12:57:07] Progress: 528/1003 prompts (r0:132/251 r1:132/251 r2:132/251 r3:132/250)
[2026-06-08 12:58:07] Progress: 528/1003 prompts (r0:132/251 r1:132/251 r2:132/251 r3:132/250)
[2026-06-08 12:59:07] Progress: 528/1003 prompts (r0:132/251 r1:132/251 r2:132/251 r3:132/250)
[2026-06-08 13:00:07] Progress: 528/1003 prompts (r0:132/251 r1:132/251 r2:132/251 r3:132/250)
[2026-06-08 13:01:07] Progress: 528/1003 prompts (r0:132/251 r1:132/251 r2:132/251 r3:132/250)
[2026-06-08 13:02:07] Progress: 528/1003 prompts (r0:132/251 r1:132/251 r2:132/251 r3:132/250)
[2026-06-08 13:03:07] Progress: 528/1003 prompts (r0:132/251 r1:132/251 r2:132/251 r3:132/250)
[2026-06-08 13:04:08] Progress: 534/1003 prompts (r0:132/251 r1:135/251 r2:132/251 r3:135/250)
[2026-06-08 13:05:08] Progress: 534/1003 prompts (r0:132/251 r1:135/251 r2:132/251 r3:135/250)
[2026-06-08 13:06:08] Progress: 534/1003 prompts (r0:132/251 r1:135/251 r2:132/251 r3:135/250)
[2026-06-08 13:07:08] Progress: 534/1003 prompts (r0:132/251 r1:135/251 r2:132/251 r3:135/250)
[2026-06-08 13:08:08] Progress: 534/1003 prompts (r0:132/251 r1:135/251 r2:132/251 r3:135/250)
[2026-06-08 13:09:08] Progress: 534/1003 prompts (r0:132/251 r1:135/251 r2:132/251 r3:135/250)
[2026-06-08 13:10:08] Progress: 534/1003 prompts (r0:132/251 r1:135/251 r2:132/251 r3:135/250)
[2026-06-08 13:11:08] Progress: 534/1003 prompts (r0:132/251 r1:135/251 r2:132/251 r3:135/250)
[2026-06-08 13:12:08] Progress: 534/1003 prompts (r0:132/251 r1:135/251 r2:132/251 r3:135/250)
[2026-06-08 13:13:09] Progress: 534/1003 prompts (r0:132/251 r1:135/251 r2:132/251 r3:135/250)
[2026-06-08 13:14:09] Progress: 534/1003 prompts (r0:132/251 r1:135/251 r2:132/251 r3:135/250)
[2026-06-08 13:15:09] Progress: 534/1003 prompts (r0:132/251 r1:135/251 r2:132/251 r3:135/250)
[2026-06-08 13:16:09] Progress: 534/1003 prompts (r0:132/251 r1:135/251 r2:132/251 r3:135/250)
[2026-06-08 13:17:09] Progress: 534/1003 prompts (r0:132/251 r1:135/251 r2:132/251 r3:135/250)
[2026-06-08 13:18:09] Progress: 534/1003 prompts (r0:132/251 r1:135/251 r2:132/251 r3:135/250)
[2026-06-08 13:19:09] Progress: 534/1003 prompts (r0:132/251 r1:135/251 r2:132/251 r3:135/250)
[2026-06-08 13:20:09] Progress: 534/1003 prompts (r0:132/251 r1:135/251 r2:132/251 r3:135/250)
[2026-06-08 13:21:10] Progress: 534/1003 prompts (r0:132/251 r1:135/251 r2:132/251 r3:135/250)
[2026-06-08 13:22:10] Progress: 537/1003 prompts (r0:135/251 r1:135/251 r2:132/251 r3:135/250)
[2026-06-08 13:23:10] Progress: 537/1003 prompts (r0:135/251 r1:135/251 r2:132/251 r3:135/250)
[2026-06-08 13:24:10] Progress: 537/1003 prompts (r0:135/251 r1:135/251 r2:132/251 r3:135/250)
[2026-06-08 13:25:10] Progress: 537/1003 prompts (r0:135/251 r1:135/251 r2:132/251 r3:135/250)
[2026-06-08 13:26:10] Progress: 537/1003 prompts (r0:135/251 r1:135/251 r2:132/251 r3:135/250)
[2026-06-08 13:27:10] Progress: 540/1003 prompts (r0:135/251 r1:135/251 r2:135/251 r3:135/250)
[2026-06-08 13:28:10] Progress: 540/1003 prompts (r0:135/251 r1:135/251 r2:135/251 r3:135/250)
[2026-06-08 13:29:10] Progress: 540/1003 prompts (r0:135/251 r1:135/251 r2:135/251 r3:135/250)
[2026-06-08 13:30:11] Progress: 540/1003 prompts (r0:135/251 r1:135/251 r2:135/251 r3:135/250)
[2026-06-08 13:31:11] Progress: 540/1003 prompts (r0:135/251 r1:135/251 r2:135/251 r3:135/250)
[2026-06-08 13:32:11] Progress: 540/1003 prompts (r0:135/251 r1:135/251 r2:135/251 r3:135/250)
[2026-06-08 13:33:11] Progress: 540/1003 prompts (r0:135/251 r1:135/251 r2:135/251 r3:135/250)
[2026-06-08 13:34:11] Progress: 546/1003 prompts (r0:135/251 r1:138/251 r2:135/251 r3:138/250)
[2026-06-08 13:35:11] Progress: 546/1003 prompts (r0:135/251 r1:138/251 r2:135/251 r3:138/250)
[2026-06-08 13:36:11] Progress: 546/1003 prompts (r0:135/251 r1:138/251 r2:135/251 r3:138/250)
[2026-06-08 13:37:11] Progress: 546/1003 prompts (r0:135/251 r1:138/251 r2:135/251 r3:138/250)
[2026-06-08 13:38:12] Progress: 546/1003 prompts (r0:135/251 r1:138/251 r2:135/251 r3:138/250)
[2026-06-08 13:39:12] Progress: 546/1003 prompts (r0:135/251 r1:138/251 r2:135/251 r3:138/250)
[2026-06-08 13:40:12] Progress: 546/1003 prompts (r0:135/251 r1:138/251 r2:135/251 r3:138/250)
[2026-06-08 13:41:12] Progress: 546/1003 prompts (r0:135/251 r1:138/251 r2:135/251 r3:138/250)
[2026-06-08 13:42:12] Progress: 546/1003 prompts (r0:135/251 r1:138/251 r2:135/251 r3:138/250)
[2026-06-08 13:43:12] Progress: 546/1003 prompts (r0:135/251 r1:138/251 r2:135/251 r3:138/250)
[2026-06-08 13:44:12] Progress: 546/1003 prompts (r0:135/251 r1:138/251 r2:135/251 r3:138/250)
[2026-06-08 13:45:13] Progress: 546/1003 prompts (r0:135/251 r1:138/251 r2:135/251 r3:138/250)
[2026-06-08 13:46:13] Progress: 546/1003 prompts (r0:135/251 r1:138/251 r2:135/251 r3:138/250)
[2026-06-08 13:47:13] Progress: 546/1003 prompts (r0:135/251 r1:138/251 r2:135/251 r3:138/250)
[2026-06-08 13:48:13] Progress: 546/1003 prompts (r0:135/251 r1:138/251 r2:135/251 r3:138/250)
[2026-06-08 13:49:14] Progress: 546/1003 prompts (r0:135/251 r1:138/251 r2:135/251 r3:138/250)
[2026-06-08 13:50:15] Progress: 546/1003 prompts (r0:135/251 r1:138/251 r2:135/251 r3:138/250)
[2026-06-08 13:51:15] Progress: 546/1003 prompts (r0:135/251 r1:138/251 r2:135/251 r3:138/250)
[2026-06-08 13:52:15] Progress: 546/1003 prompts (r0:135/251 r1:138/251 r2:135/251 r3:138/250)
[2026-06-08 13:53:15] Progress: 549/1003 prompts (r0:138/251 r1:138/251 r2:135/251 r3:138/250)
[2026-06-08 13:54:15] Progress: 549/1003 prompts (r0:138/251 r1:138/251 r2:135/251 r3:138/250)
[2026-06-08 13:55:16] Progress: 549/1003 prompts (r0:138/251 r1:138/251 r2:135/251 r3:138/250)
[2026-06-08 13:56:16] Progress: 549/1003 prompts (r0:138/251 r1:138/251 r2:135/251 r3:138/250)
[2026-06-08 13:57:16] Progress: 552/1003 prompts (r0:138/251 r1:138/251 r2:138/251 r3:138/250)
[2026-06-08 13:58:16] Progress: 552/1003 prompts (r0:138/251 r1:138/251 r2:138/251 r3:138/250)
[2026-06-08 13:59:17] Progress: 552/1003 prompts (r0:138/251 r1:138/251 r2:138/251 r3:138/250)
[2026-06-08 14:00:17] Progress: 552/1003 prompts (r0:138/251 r1:138/251 r2:138/251 r3:138/250)
[2026-06-08 14:01:17] Progress: 552/1003 prompts (r0:138/251 r1:138/251 r2:138/251 r3:138/250)
[2026-06-08 14:02:17] Progress: 552/1003 prompts (r0:138/251 r1:138/251 r2:138/251 r3:138/250)
[2026-06-08 14:03:18] Progress: 552/1003 prompts (r0:138/251 r1:138/251 r2:138/251 r3:138/250)
[2026-06-08 14:04:19] Progress: 552/1003 prompts (r0:138/251 r1:138/251 r2:138/251 r3:138/250)
[2026-06-08 14:05:19] Progress: 558/1003 prompts (r0:138/251 r1:141/251 r2:138/251 r3:141/250)
[2026-06-08 14:06:20] Progress: 558/1003 prompts (r0:138/251 r1:141/251 r2:138/251 r3:141/250)
[2026-06-08 14:07:20] Progress: 558/1003 prompts (r0:138/251 r1:141/251 r2:138/251 r3:141/250)
[2026-06-08 14:08:20] Progress: 558/1003 prompts (r0:138/251 r1:141/251 r2:138/251 r3:141/250)
[2026-06-08 14:09:20] Progress: 558/1003 prompts (r0:138/251 r1:141/251 r2:138/251 r3:141/250)
[2026-06-08 14:10:21] Progress: 558/1003 prompts (r0:138/251 r1:141/251 r2:138/251 r3:141/250)
[2026-06-08 14:11:22] Progress: 558/1003 prompts (r0:138/251 r1:141/251 r2:138/251 r3:141/250)
[2026-06-08 14:12:24] Progress: 558/1003 prompts (r0:138/251 r1:141/251 r2:138/251 r3:141/250)
[2026-06-08 14:13:24] Progress: 558/1003 prompts (r0:138/251 r1:141/251 r2:138/251 r3:141/250)
[2026-06-08 14:14:25] Progress: 558/1003 prompts (r0:138/251 r1:141/251 r2:138/251 r3:141/250)
[2026-06-08 14:15:26] Progress: 558/1003 prompts (r0:138/251 r1:141/251 r2:138/251 r3:141/250)
[2026-06-08 14:16:26] Progress: 558/1003 prompts (r0:138/251 r1:141/251 r2:138/251 r3:141/250)
[2026-06-08 14:17:27] Progress: 558/1003 prompts (r0:138/251 r1:141/251 r2:138/251 r3:141/250)
[2026-06-08 14:18:27] Progress: 558/1003 prompts (r0:138/251 r1:141/251 r2:138/251 r3:141/250)
[2026-06-08 14:19:27] Progress: 558/1003 prompts (r0:138/251 r1:141/251 r2:138/251 r3:141/250)
[2026-06-08 14:20:27] Progress: 558/1003 prompts (r0:138/251 r1:141/251 r2:138/251 r3:141/250)
[2026-06-08 14:21:28] Progress: 558/1003 prompts (r0:138/251 r1:141/251 r2:138/251 r3:141/250)
[2026-06-08 14:22:29] Progress: 558/1003 prompts (r0:138/251 r1:141/251 r2:138/251 r3:141/250)
[2026-06-08 14:23:30] Progress: 561/1003 prompts (r0:141/251 r1:141/251 r2:138/251 r3:141/250)
[2026-06-08 14:24:31] Progress: 561/1003 prompts (r0:141/251 r1:141/251 r2:138/251 r3:141/250)
[2026-06-08 14:25:31] Progress: 561/1003 prompts (r0:141/251 r1:141/251 r2:138/251 r3:141/250)
[2026-06-08 14:26:31] Progress: 561/1003 prompts (r0:141/251 r1:141/251 r2:138/251 r3:141/250)
[2026-06-08 14:27:31] Progress: 561/1003 prompts (r0:141/251 r1:141/251 r2:138/251 r3:141/250)
[2026-06-08 14:28:32] Progress: 564/1003 prompts (r0:141/251 r1:141/251 r2:141/251 r3:141/250)
[2026-06-08 14:29:32] Progress: 564/1003 prompts (r0:141/251 r1:141/251 r2:141/251 r3:141/250)
[2026-06-08 14:30:32] Progress: 564/1003 prompts (r0:141/251 r1:141/251 r2:141/251 r3:141/250)
[2026-06-08 14:31:32] Progress: 564/1003 prompts (r0:141/251 r1:141/251 r2:141/251 r3:141/250)
[2026-06-08 14:32:33] Progress: 564/1003 prompts (r0:141/251 r1:141/251 r2:141/251 r3:141/250)
[2026-06-08 14:33:33] Progress: 564/1003 prompts (r0:141/251 r1:141/251 r2:141/251 r3:141/250)
[2026-06-08 14:34:34] Progress: 564/1003 prompts (r0:141/251 r1:141/251 r2:141/251 r3:141/250)
[2026-06-08 14:35:34] Progress: 570/1003 prompts (r0:141/251 r1:144/251 r2:141/251 r3:144/250)
[2026-06-08 14:36:34] Progress: 570/1003 prompts (r0:141/251 r1:144/251 r2:141/251 r3:144/250)
[2026-06-08 14:37:35] Progress: 570/1003 prompts (r0:141/251 r1:144/251 r2:141/251 r3:144/250)
[2026-06-08 14:38:35] Progress: 570/1003 prompts (r0:141/251 r1:144/251 r2:141/251 r3:144/250)
[2026-06-08 14:39:35] Progress: 570/1003 prompts (r0:141/251 r1:144/251 r2:141/251 r3:144/250)
[2026-06-08 14:40:35] Progress: 570/1003 prompts (r0:141/251 r1:144/251 r2:141/251 r3:144/250)
[2026-06-08 14:41:36] Progress: 570/1003 prompts (r0:141/251 r1:144/251 r2:141/251 r3:144/250)
[2026-06-08 14:42:36] Progress: 570/1003 prompts (r0:141/251 r1:144/251 r2:141/251 r3:144/250)
[2026-06-08 14:43:37] Progress: 570/1003 prompts (r0:141/251 r1:144/251 r2:141/251 r3:144/250)
[2026-06-08 14:44:37] Progress: 570/1003 prompts (r0:141/251 r1:144/251 r2:141/251 r3:144/250)
[2026-06-08 14:45:37] Progress: 570/1003 prompts (r0:141/251 r1:144/251 r2:141/251 r3:144/250)
[2026-06-08 14:46:37] Progress: 570/1003 prompts (r0:141/251 r1:144/251 r2:141/251 r3:144/250)
[2026-06-08 14:47:38] Progress: 570/1003 prompts (r0:141/251 r1:144/251 r2:141/251 r3:144/250)
[2026-06-08 14:48:38] Progress: 570/1003 prompts (r0:141/251 r1:144/251 r2:141/251 r3:144/250)
[2026-06-08 14:49:38] Progress: 570/1003 prompts (r0:141/251 r1:144/251 r2:141/251 r3:144/250)
[2026-06-08 14:50:39] Progress: 570/1003 prompts (r0:141/251 r1:144/251 r2:141/251 r3:144/250)
[2026-06-08 14:51:39] Progress: 570/1003 prompts (r0:141/251 r1:144/251 r2:141/251 r3:144/250)
[2026-06-08 14:52:39] Progress: 570/1003 prompts (r0:141/251 r1:144/251 r2:141/251 r3:144/250)
[2026-06-08 14:53:40] Progress: 570/1003 prompts (r0:141/251 r1:144/251 r2:141/251 r3:144/250)
[2026-06-08 14:54:40] Progress: 573/1003 prompts (r0:144/251 r1:144/251 r2:141/251 r3:144/250)
[2026-06-08 14:55:41] Progress: 573/1003 prompts (r0:144/251 r1:144/251 r2:141/251 r3:144/250)
[2026-06-08 14:56:41] Progress: 573/1003 prompts (r0:144/251 r1:144/251 r2:141/251 r3:144/250)
[2026-06-08 14:57:41] Progress: 573/1003 prompts (r0:144/251 r1:144/251 r2:141/251 r3:144/250)
[2026-06-08 14:58:42] Progress: 573/1003 prompts (r0:144/251 r1:144/251 r2:141/251 r3:144/250)
[2026-06-08 14:59:42] Progress: 576/1003 prompts (r0:144/251 r1:144/251 r2:144/251 r3:144/250)
[2026-06-08 15:00:42] Progress: 576/1003 prompts (r0:144/251 r1:144/251 r2:144/251 r3:144/250)
[2026-06-08 15:01:43] Progress: 576/1003 prompts (r0:144/251 r1:144/251 r2:144/251 r3:144/250)
[2026-06-08 15:02:43] Progress: 576/1003 prompts (r0:144/251 r1:144/251 r2:144/251 r3:144/250)
[2026-06-08 15:03:43] Progress: 576/1003 prompts (r0:144/251 r1:144/251 r2:144/251 r3:144/250)
[2026-06-08 15:04:43] Progress: 576/1003 prompts (r0:144/251 r1:144/251 r2:144/251 r3:144/250)
[2026-06-08 15:05:44] Progress: 582/1003 prompts (r0:144/251 r1:147/251 r2:144/251 r3:147/250)
[2026-06-08 15:06:44] Progress: 582/1003 prompts (r0:144/251 r1:147/251 r2:144/251 r3:147/250)
[2026-06-08 15:07:44] Progress: 582/1003 prompts (r0:144/251 r1:147/251 r2:144/251 r3:147/250)
[2026-06-08 15:08:44] Progress: 582/1003 prompts (r0:144/251 r1:147/251 r2:144/251 r3:147/250)
[2026-06-08 15:09:45] Progress: 582/1003 prompts (r0:144/251 r1:147/251 r2:144/251 r3:147/250)
[2026-06-08 15:10:46] Progress: 582/1003 prompts (r0:144/251 r1:147/251 r2:144/251 r3:147/250)
[2026-06-08 15:11:46] Progress: 582/1003 prompts (r0:144/251 r1:147/251 r2:144/251 r3:147/250)
[2026-06-08 15:12:46] Progress: 582/1003 prompts (r0:144/251 r1:147/251 r2:144/251 r3:147/250)
[2026-06-08 15:13:46] Progress: 582/1003 prompts (r0:144/251 r1:147/251 r2:144/251 r3:147/250)
[2026-06-08 15:14:46] Progress: 582/1003 prompts (r0:144/251 r1:147/251 r2:144/251 r3:147/250)
[2026-06-08 15:15:46] Progress: 582/1003 prompts (r0:144/251 r1:147/251 r2:144/251 r3:147/250)
[2026-06-08 15:16:46] Progress: 582/1003 prompts (r0:144/251 r1:147/251 r2:144/251 r3:147/250)
[2026-06-08 15:17:47] Progress: 582/1003 prompts (r0:144/251 r1:147/251 r2:144/251 r3:147/250)
[2026-06-08 15:18:47] Progress: 582/1003 prompts (r0:144/251 r1:147/251 r2:144/251 r3:147/250)
[2026-06-08 15:19:48] Progress: 582/1003 prompts (r0:144/251 r1:147/251 r2:144/251 r3:147/250)
[2026-06-08 15:20:48] Progress: 582/1003 prompts (r0:144/251 r1:147/251 r2:144/251 r3:147/250)
[2026-06-08 15:21:48] Progress: 582/1003 prompts (r0:144/251 r1:147/251 r2:144/251 r3:147/250)
[2026-06-08 15:22:49] Progress: 582/1003 prompts (r0:144/251 r1:147/251 r2:144/251 r3:147/250)
[2026-06-08 15:23:49] Progress: 582/1003 prompts (r0:144/251 r1:147/251 r2:144/251 r3:147/250)
[2026-06-08 15:24:49] Progress: 582/1003 prompts (r0:144/251 r1:147/251 r2:144/251 r3:147/250)
[2026-06-08 15:25:50] Progress: 585/1003 prompts (r0:147/251 r1:147/251 r2:144/251 r3:147/250)
[2026-06-08 15:26:50] Progress: 585/1003 prompts (r0:147/251 r1:147/251 r2:144/251 r3:147/250)
[2026-06-08 15:27:50] Progress: 585/1003 prompts (r0:147/251 r1:147/251 r2:144/251 r3:147/250)
[2026-06-08 15:28:51] Progress: 585/1003 prompts (r0:147/251 r1:147/251 r2:144/251 r3:147/250)
[2026-06-08 15:29:51] Progress: 585/1003 prompts (r0:147/251 r1:147/251 r2:144/251 r3:147/250)
[2026-06-08 15:30:51] Progress: 588/1003 prompts (r0:147/251 r1:147/251 r2:147/251 r3:147/250)
[2026-06-08 15:31:51] Progress: 588/1003 prompts (r0:147/251 r1:147/251 r2:147/251 r3:147/250)
[2026-06-08 15:32:52] Progress: 588/1003 prompts (r0:147/251 r1:147/251 r2:147/251 r3:147/250)
[2026-06-08 15:33:52] Progress: 588/1003 prompts (r0:147/251 r1:147/251 r2:147/251 r3:147/250)
[2026-06-08 15:34:52] Progress: 588/1003 prompts (r0:147/251 r1:147/251 r2:147/251 r3:147/250)
[2026-06-08 15:35:53] Progress: 594/1003 prompts (r0:147/251 r1:150/251 r2:147/251 r3:150/250)
[2026-06-08 15:36:53] Progress: 594/1003 prompts (r0:147/251 r1:150/251 r2:147/251 r3:150/250)
[2026-06-08 15:37:53] Progress: 594/1003 prompts (r0:147/251 r1:150/251 r2:147/251 r3:150/250)
[2026-06-08 15:38:53] Progress: 594/1003 prompts (r0:147/251 r1:150/251 r2:147/251 r3:150/250)
[2026-06-08 15:39:53] Progress: 594/1003 prompts (r0:147/251 r1:150/251 r2:147/251 r3:150/250)
[2026-06-08 15:40:54] Progress: 594/1003 prompts (r0:147/251 r1:150/251 r2:147/251 r3:150/250)
[2026-06-08 15:41:54] Progress: 594/1003 prompts (r0:147/251 r1:150/251 r2:147/251 r3:150/250)
[2026-06-08 15:42:54] Progress: 594/1003 prompts (r0:147/251 r1:150/251 r2:147/251 r3:150/250)
[2026-06-08 15:43:54] Progress: 594/1003 prompts (r0:147/251 r1:150/251 r2:147/251 r3:150/250)
[2026-06-08 15:44:54] Progress: 594/1003 prompts (r0:147/251 r1:150/251 r2:147/251 r3:150/250)
[2026-06-08 15:45:54] Progress: 594/1003 prompts (r0:147/251 r1:150/251 r2:147/251 r3:150/250)
[2026-06-08 15:46:55] Progress: 594/1003 prompts (r0:147/251 r1:150/251 r2:147/251 r3:150/250)
[2026-06-08 15:47:55] Progress: 594/1003 prompts (r0:147/251 r1:150/251 r2:147/251 r3:150/250)
[2026-06-08 15:48:55] Progress: 594/1003 prompts (r0:147/251 r1:150/251 r2:147/251 r3:150/250)
[2026-06-08 15:49:56] Progress: 594/1003 prompts (r0:147/251 r1:150/251 r2:147/251 r3:150/250)
[2026-06-08 15:50:58] Progress: 594/1003 prompts (r0:147/251 r1:150/251 r2:147/251 r3:150/250)
[2026-06-08 15:51:58] Progress: 594/1003 prompts (r0:147/251 r1:150/251 r2:147/251 r3:150/250)
[2026-06-08 15:52:58] Progress: 594/1003 prompts (r0:147/251 r1:150/251 r2:147/251 r3:150/250)
[2026-06-08 15:53:58] Progress: 594/1003 prompts (r0:147/251 r1:150/251 r2:147/251 r3:150/250)
[2026-06-08 15:54:58] Progress: 594/1003 prompts (r0:147/251 r1:150/251 r2:147/251 r3:150/250)
[2026-06-08 15:55:59] Progress: 597/1003 prompts (r0:150/251 r1:150/251 r2:147/251 r3:150/250)
[2026-06-08 15:57:00] Progress: 597/1003 prompts (r0:150/251 r1:150/251 r2:147/251 r3:150/250)
[2026-06-08 15:58:00] Progress: 597/1003 prompts (r0:150/251 r1:150/251 r2:147/251 r3:150/250)
[2026-06-08 15:59:00] Progress: 597/1003 prompts (r0:150/251 r1:150/251 r2:147/251 r3:150/250)
[2026-06-08 16:00:00] Progress: 597/1003 prompts (r0:150/251 r1:150/251 r2:147/251 r3:150/250)
[2026-06-08 16:01:01] Progress: 597/1003 prompts (r0:150/251 r1:150/251 r2:147/251 r3:150/250)
[2026-06-08 16:02:02] Progress: 600/1003 prompts (r0:150/251 r1:150/251 r2:150/251 r3:150/250)
[2026-06-08 16:03:03] Progress: 600/1003 prompts (r0:150/251 r1:150/251 r2:150/251 r3:150/250)
[2026-06-08 16:04:03] Progress: 600/1003 prompts (r0:150/251 r1:150/251 r2:150/251 r3:150/250)
[2026-06-08 16:05:04] Progress: 600/1003 prompts (r0:150/251 r1:150/251 r2:150/251 r3:150/250)
[2026-06-08 16:06:05] Progress: 600/1003 prompts (r0:150/251 r1:150/251 r2:150/251 r3:150/250)
[2026-06-08 16:07:05] Progress: 606/1003 prompts (r0:150/251 r1:153/251 r2:150/251 r3:153/250)
[2026-06-08 16:08:06] Progress: 606/1003 prompts (r0:150/251 r1:153/251 r2:150/251 r3:153/250)
[2026-06-08 16:09:08] Progress: 606/1003 prompts (r0:150/251 r1:153/251 r2:150/251 r3:153/250)
[2026-06-08 16:10:09] Progress: 606/1003 prompts (r0:150/251 r1:153/251 r2:150/251 r3:153/250)
[2026-06-08 16:11:09] Progress: 606/1003 prompts (r0:150/251 r1:153/251 r2:150/251 r3:153/250)
[2026-06-08 16:12:09] Progress: 606/1003 prompts (r0:150/251 r1:153/251 r2:150/251 r3:153/250)
[2026-06-08 16:13:10] Progress: 606/1003 prompts (r0:150/251 r1:153/251 r2:150/251 r3:153/250)
[2026-06-08 16:14:10] Progress: 606/1003 prompts (r0:150/251 r1:153/251 r2:150/251 r3:153/250)
[2026-06-08 16:15:11] Progress: 606/1003 prompts (r0:150/251 r1:153/251 r2:150/251 r3:153/250)
[2026-06-08 16:16:12] Progress: 606/1003 prompts (r0:150/251 r1:153/251 r2:150/251 r3:153/250)
[2026-06-08 16:17:13] Progress: 606/1003 prompts (r0:150/251 r1:153/251 r2:150/251 r3:153/250)
[2026-06-08 16:18:14] Progress: 606/1003 prompts (r0:150/251 r1:153/251 r2:150/251 r3:153/250)
[2026-06-08 16:19:14] Progress: 606/1003 prompts (r0:150/251 r1:153/251 r2:150/251 r3:153/250)
[2026-06-08 16:20:15] Progress: 606/1003 prompts (r0:150/251 r1:153/251 r2:150/251 r3:153/250)
[2026-06-08 16:21:17] Progress: 606/1003 prompts (r0:150/251 r1:153/251 r2:150/251 r3:153/250)
[2026-06-08 16:22:17] Progress: 606/1003 prompts (r0:150/251 r1:153/251 r2:150/251 r3:153/250)
[2026-06-08 16:23:17] Progress: 606/1003 prompts (r0:150/251 r1:153/251 r2:150/251 r3:153/250)
[2026-06-08 16:24:17] Progress: 606/1003 prompts (r0:150/251 r1:153/251 r2:150/251 r3:153/250)
[2026-06-08 16:25:18] Progress: 606/1003 prompts (r0:150/251 r1:153/251 r2:150/251 r3:153/250)
[2026-06-08 16:26:18] Progress: 606/1003 prompts (r0:150/251 r1:153/251 r2:150/251 r3:153/250)
[2026-06-08 16:27:18] Progress: 609/1003 prompts (r0:153/251 r1:153/251 r2:150/251 r3:153/250)
[2026-06-08 16:28:18] Progress: 609/1003 prompts (r0:153/251 r1:153/251 r2:150/251 r3:153/250)
[2026-06-08 16:29:19] Progress: 609/1003 prompts (r0:153/251 r1:153/251 r2:150/251 r3:153/250)
[2026-06-08 16:30:19] Progress: 609/1003 prompts (r0:153/251 r1:153/251 r2:150/251 r3:153/250)
[2026-06-08 16:31:19] Progress: 609/1003 prompts (r0:153/251 r1:153/251 r2:150/251 r3:153/250)
[2026-06-08 16:32:20] Progress: 612/1003 prompts (r0:153/251 r1:153/251 r2:153/251 r3:153/250)
[2026-06-08 16:33:20] Progress: 612/1003 prompts (r0:153/251 r1:153/251 r2:153/251 r3:153/250)
[2026-06-08 16:34:21] Progress: 612/1003 prompts (r0:153/251 r1:153/251 r2:153/251 r3:153/250)
[2026-06-08 16:35:22] Progress: 612/1003 prompts (r0:153/251 r1:153/251 r2:153/251 r3:153/250)
[2026-06-08 16:36:22] Progress: 612/1003 prompts (r0:153/251 r1:153/251 r2:153/251 r3:153/250)
[2026-06-08 16:37:23] Progress: 618/1003 prompts (r0:153/251 r1:156/251 r2:153/251 r3:156/250)
[2026-06-08 16:38:23] Progress: 618/1003 prompts (r0:153/251 r1:156/251 r2:153/251 r3:156/250)
[2026-06-08 16:39:25] Progress: 618/1003 prompts (r0:153/251 r1:156/251 r2:153/251 r3:156/250)
[2026-06-08 16:40:25] Progress: 618/1003 prompts (r0:153/251 r1:156/251 r2:153/251 r3:156/250)
[2026-06-08 16:41:25] Progress: 618/1003 prompts (r0:153/251 r1:156/251 r2:153/251 r3:156/250)
[2026-06-08 16:42:26] Progress: 618/1003 prompts (r0:153/251 r1:156/251 r2:153/251 r3:156/250)
[2026-06-08 16:43:26] Progress: 618/1003 prompts (r0:153/251 r1:156/251 r2:153/251 r3:156/250)
[2026-06-08 16:44:26] Progress: 618/1003 prompts (r0:153/251 r1:156/251 r2:153/251 r3:156/250)
[2026-06-08 16:45:26] Progress: 618/1003 prompts (r0:153/251 r1:156/251 r2:153/251 r3:156/250)
[2026-06-08 16:46:27] Progress: 618/1003 prompts (r0:153/251 r1:156/251 r2:153/251 r3:156/250)
[2026-06-08 16:47:28] Progress: 618/1003 prompts (r0:153/251 r1:156/251 r2:153/251 r3:156/250)
[2026-06-08 16:48:28] Progress: 618/1003 prompts (r0:153/251 r1:156/251 r2:153/251 r3:156/250)
[2026-06-08 16:49:28] Progress: 618/1003 prompts (r0:153/251 r1:156/251 r2:153/251 r3:156/250)
[2026-06-08 16:50:29] Progress: 618/1003 prompts (r0:153/251 r1:156/251 r2:153/251 r3:156/250)
[2026-06-08 16:51:29] Progress: 618/1003 prompts (r0:153/251 r1:156/251 r2:153/251 r3:156/250)
[2026-06-08 16:52:30] Progress: 618/1003 prompts (r0:153/251 r1:156/251 r2:153/251 r3:156/250)
[2026-06-08 16:53:31] Progress: 618/1003 prompts (r0:153/251 r1:156/251 r2:153/251 r3:156/250)
[2026-06-08 16:54:31] Progress: 618/1003 prompts (r0:153/251 r1:156/251 r2:153/251 r3:156/250)
[2026-06-08 16:55:32] Progress: 618/1003 prompts (r0:153/251 r1:156/251 r2:153/251 r3:156/250)
[2026-06-08 16:56:32] Progress: 618/1003 prompts (r0:153/251 r1:156/251 r2:153/251 r3:156/250)
[2026-06-08 16:57:32] Progress: 621/1003 prompts (r0:156/251 r1:156/251 r2:153/251 r3:156/250)
[2026-06-08 16:58:33] Progress: 621/1003 prompts (r0:156/251 r1:156/251 r2:153/251 r3:156/250)
[2026-06-08 16:59:33] Progress: 621/1003 prompts (r0:156/251 r1:156/251 r2:153/251 r3:156/250)
[2026-06-08 17:00:34] Progress: 621/1003 prompts (r0:156/251 r1:156/251 r2:153/251 r3:156/250)
[2026-06-08 17:01:34] Progress: 621/1003 prompts (r0:156/251 r1:156/251 r2:153/251 r3:156/250)
[2026-06-08 17:02:34] Progress: 621/1003 prompts (r0:156/251 r1:156/251 r2:153/251 r3:156/250)
[2026-06-08 17:03:35] Progress: 624/1003 prompts (r0:156/251 r1:156/251 r2:156/251 r3:156/250)
[2026-06-08 17:04:35] Progress: 624/1003 prompts (r0:156/251 r1:156/251 r2:156/251 r3:156/250)
[2026-06-08 17:05:36] Progress: 624/1003 prompts (r0:156/251 r1:156/251 r2:156/251 r3:156/250)
[2026-06-08 17:06:37] Progress: 624/1003 prompts (r0:156/251 r1:156/251 r2:156/251 r3:156/250)
[2026-06-08 17:07:37] Progress: 630/1003 prompts (r0:156/251 r1:159/251 r2:156/251 r3:159/250)
[2026-06-08 17:08:38] Progress: 630/1003 prompts (r0:156/251 r1:159/251 r2:156/251 r3:159/250)
[2026-06-08 17:09:38] Progress: 630/1003 prompts (r0:156/251 r1:159/251 r2:156/251 r3:159/250)
[2026-06-08 17:10:38] Progress: 630/1003 prompts (r0:156/251 r1:159/251 r2:156/251 r3:159/250)
[2026-06-08 17:11:38] Progress: 630/1003 prompts (r0:156/251 r1:159/251 r2:156/251 r3:159/250)
[2026-06-08 17:12:39] Progress: 630/1003 prompts (r0:156/251 r1:159/251 r2:156/251 r3:159/250)
[2026-06-08 17:13:39] Progress: 630/1003 prompts (r0:156/251 r1:159/251 r2:156/251 r3:159/250)
[2026-06-08 17:14:40] Progress: 630/1003 prompts (r0:156/251 r1:159/251 r2:156/251 r3:159/250)
[2026-06-08 17:15:40] Progress: 630/1003 prompts (r0:156/251 r1:159/251 r2:156/251 r3:159/250)
[2026-06-08 17:16:40] Progress: 630/1003 prompts (r0:156/251 r1:159/251 r2:156/251 r3:159/250)
[2026-06-08 17:17:40] Progress: 630/1003 prompts (r0:156/251 r1:159/251 r2:156/251 r3:159/250)
[2026-06-08 17:18:40] Progress: 630/1003 prompts (r0:156/251 r1:159/251 r2:156/251 r3:159/250)
[2026-06-08 17:19:41] Progress: 630/1003 prompts (r0:156/251 r1:159/251 r2:156/251 r3:159/250)
[2026-06-08 17:20:41] Progress: 630/1003 prompts (r0:156/251 r1:159/251 r2:156/251 r3:159/250)
[2026-06-08 17:21:41] Progress: 630/1003 prompts (r0:156/251 r1:159/251 r2:156/251 r3:159/250)
[2026-06-08 17:22:41] Progress: 630/1003 prompts (r0:156/251 r1:159/251 r2:156/251 r3:159/250)
[2026-06-08 17:23:41] Progress: 630/1003 prompts (r0:156/251 r1:159/251 r2:156/251 r3:159/250)
[2026-06-08 17:24:41] Progress: 630/1003 prompts (r0:156/251 r1:159/251 r2:156/251 r3:159/250)
[2026-06-08 17:25:41] Progress: 630/1003 prompts (r0:156/251 r1:159/251 r2:156/251 r3:159/250)
[2026-06-08 17:26:41] Progress: 630/1003 prompts (r0:156/251 r1:159/251 r2:156/251 r3:159/250)
[2026-06-08 17:27:42] Progress: 630/1003 prompts (r0:156/251 r1:159/251 r2:156/251 r3:159/250)
[2026-06-08 17:28:42] Progress: 633/1003 prompts (r0:159/251 r1:159/251 r2:156/251 r3:159/250)
[2026-06-08 17:29:42] Progress: 633/1003 prompts (r0:159/251 r1:159/251 r2:156/251 r3:159/250)
[2026-06-08 17:30:42] Progress: 633/1003 prompts (r0:159/251 r1:159/251 r2:156/251 r3:159/250)
[2026-06-08 17:31:42] Progress: 633/1003 prompts (r0:159/251 r1:159/251 r2:156/251 r3:159/250)
[2026-06-08 17:32:42] Progress: 633/1003 prompts (r0:159/251 r1:159/251 r2:156/251 r3:159/250)
[2026-06-08 17:33:42] Progress: 633/1003 prompts (r0:159/251 r1:159/251 r2:156/251 r3:159/250)
[2026-06-08 17:34:42] Progress: 636/1003 prompts (r0:159/251 r1:159/251 r2:159/251 r3:159/250)
[2026-06-08 17:35:42] Progress: 636/1003 prompts (r0:159/251 r1:159/251 r2:159/251 r3:159/250)
[2026-06-08 17:36:43] Progress: 636/1003 prompts (r0:159/251 r1:159/251 r2:159/251 r3:159/250)
[2026-06-08 17:37:43] Progress: 642/1003 prompts (r0:159/251 r1:162/251 r2:159/251 r3:162/250)
[2026-06-08 17:38:43] Progress: 642/1003 prompts (r0:159/251 r1:162/251 r2:159/251 r3:162/250)
[2026-06-08 17:39:43] Progress: 642/1003 prompts (r0:159/251 r1:162/251 r2:159/251 r3:162/250)
[2026-06-08 17:40:43] Progress: 642/1003 prompts (r0:159/251 r1:162/251 r2:159/251 r3:162/250)
[2026-06-08 17:41:43] Progress: 642/1003 prompts (r0:159/251 r1:162/251 r2:159/251 r3:162/250)
[2026-06-08 17:42:43] Progress: 642/1003 prompts (r0:159/251 r1:162/251 r2:159/251 r3:162/250)
[2026-06-08 17:43:43] Progress: 642/1003 prompts (r0:159/251 r1:162/251 r2:159/251 r3:162/250)
[2026-06-08 17:44:44] Progress: 642/1003 prompts (r0:159/251 r1:162/251 r2:159/251 r3:162/250)
[2026-06-08 17:45:44] Progress: 642/1003 prompts (r0:159/251 r1:162/251 r2:159/251 r3:162/250)
[2026-06-08 17:46:44] Progress: 642/1003 prompts (r0:159/251 r1:162/251 r2:159/251 r3:162/250)
[2026-06-08 17:47:44] Progress: 642/1003 prompts (r0:159/251 r1:162/251 r2:159/251 r3:162/250)
[2026-06-08 17:48:44] Progress: 642/1003 prompts (r0:159/251 r1:162/251 r2:159/251 r3:162/250)
[2026-06-08 17:49:44] Progress: 642/1003 prompts (r0:159/251 r1:162/251 r2:159/251 r3:162/250)
[2026-06-08 17:50:44] Progress: 642/1003 prompts (r0:159/251 r1:162/251 r2:159/251 r3:162/250)
[2026-06-08 17:51:44] Progress: 642/1003 prompts (r0:159/251 r1:162/251 r2:159/251 r3:162/250)
[2026-06-08 17:52:44] Progress: 642/1003 prompts (r0:159/251 r1:162/251 r2:159/251 r3:162/250)
[2026-06-08 17:53:45] Progress: 642/1003 prompts (r0:159/251 r1:162/251 r2:159/251 r3:162/250)
[2026-06-08 17:54:45] Progress: 642/1003 prompts (r0:159/251 r1:162/251 r2:159/251 r3:162/250)
[2026-06-08 17:55:45] Progress: 642/1003 prompts (r0:159/251 r1:162/251 r2:159/251 r3:162/250)
[2026-06-08 17:56:45] Progress: 642/1003 prompts (r0:159/251 r1:162/251 r2:159/251 r3:162/250)
[2026-06-08 17:57:45] Progress: 642/1003 prompts (r0:159/251 r1:162/251 r2:159/251 r3:162/250)
[2026-06-08 17:58:45] Progress: 642/1003 prompts (r0:159/251 r1:162/251 r2:159/251 r3:162/250)
[2026-06-08 17:59:45] Progress: 645/1003 prompts (r0:162/251 r1:162/251 r2:159/251 r3:162/250)
[2026-06-08 18:00:45] Progress: 645/1003 prompts (r0:162/251 r1:162/251 r2:159/251 r3:162/250)
[2026-06-08 18:01:45] Progress: 645/1003 prompts (r0:162/251 r1:162/251 r2:159/251 r3:162/250)
[2026-06-08 18:02:46] Progress: 645/1003 prompts (r0:162/251 r1:162/251 r2:159/251 r3:162/250)
[2026-06-08 18:03:46] Progress: 645/1003 prompts (r0:162/251 r1:162/251 r2:159/251 r3:162/250)
[2026-06-08 18:04:46] Progress: 648/1003 prompts (r0:162/251 r1:162/251 r2:162/251 r3:162/250)
[2026-06-08 18:05:46] Progress: 648/1003 prompts (r0:162/251 r1:162/251 r2:162/251 r3:162/250)
[2026-06-08 18:06:46] Progress: 648/1003 prompts (r0:162/251 r1:162/251 r2:162/251 r3:162/250)
[2026-06-08 18:07:46] Progress: 648/1003 prompts (r0:162/251 r1:162/251 r2:162/251 r3:162/250)
[2026-06-08 18:08:46] Progress: 654/1003 prompts (r0:162/251 r1:165/251 r2:162/251 r3:165/250)
[2026-06-08 18:09:46] Progress: 654/1003 prompts (r0:162/251 r1:165/251 r2:162/251 r3:165/250)
[2026-06-08 18:10:47] Progress: 654/1003 prompts (r0:162/251 r1:165/251 r2:162/251 r3:165/250)
[2026-06-08 18:11:47] Progress: 654/1003 prompts (r0:162/251 r1:165/251 r2:162/251 r3:165/250)
[2026-06-08 18:12:47] Progress: 654/1003 prompts (r0:162/251 r1:165/251 r2:162/251 r3:165/250)
[2026-06-08 18:13:47] Progress: 654/1003 prompts (r0:162/251 r1:165/251 r2:162/251 r3:165/250)
[2026-06-08 18:14:47] Progress: 654/1003 prompts (r0:162/251 r1:165/251 r2:162/251 r3:165/250)
[2026-06-08 18:15:47] Progress: 654/1003 prompts (r0:162/251 r1:165/251 r2:162/251 r3:165/250)
[2026-06-08 18:16:47] Progress: 654/1003 prompts (r0:162/251 r1:165/251 r2:162/251 r3:165/250)
[2026-06-08 18:17:47] Progress: 654/1003 prompts (r0:162/251 r1:165/251 r2:162/251 r3:165/250)
[2026-06-08 18:18:48] Progress: 654/1003 prompts (r0:162/251 r1:165/251 r2:162/251 r3:165/250)
[2026-06-08 18:19:48] Progress: 654/1003 prompts (r0:162/251 r1:165/251 r2:162/251 r3:165/250)
[2026-06-08 18:20:48] Progress: 654/1003 prompts (r0:162/251 r1:165/251 r2:162/251 r3:165/250)
[2026-06-08 18:21:48] Progress: 654/1003 prompts (r0:162/251 r1:165/251 r2:162/251 r3:165/250)
[2026-06-08 18:22:48] Progress: 654/1003 prompts (r0:162/251 r1:165/251 r2:162/251 r3:165/250)
[2026-06-08 18:23:48] Progress: 654/1003 prompts (r0:162/251 r1:165/251 r2:162/251 r3:165/250)
[2026-06-08 18:24:48] Progress: 654/1003 prompts (r0:162/251 r1:165/251 r2:162/251 r3:165/250)
[2026-06-08 18:25:48] Progress: 654/1003 prompts (r0:162/251 r1:165/251 r2:162/251 r3:165/250)
[2026-06-08 18:26:48] Progress: 654/1003 prompts (r0:162/251 r1:165/251 r2:162/251 r3:165/250)
[2026-06-08 18:27:49] Progress: 654/1003 prompts (r0:162/251 r1:165/251 r2:162/251 r3:165/250)
[2026-06-08 18:28:49] Progress: 654/1003 prompts (r0:162/251 r1:165/251 r2:162/251 r3:165/250)
[2026-06-08 18:29:49] Progress: 654/1003 prompts (r0:162/251 r1:165/251 r2:162/251 r3:165/250)
[2026-06-08 18:30:49] Progress: 657/1003 prompts (r0:165/251 r1:165/251 r2:162/251 r3:165/250)
[2026-06-08 18:31:49] Progress: 657/1003 prompts (r0:165/251 r1:165/251 r2:162/251 r3:165/250)
[2026-06-08 18:32:49] Progress: 657/1003 prompts (r0:165/251 r1:165/251 r2:162/251 r3:165/250)
[2026-06-08 18:33:49] Progress: 657/1003 prompts (r0:165/251 r1:165/251 r2:162/251 r3:165/250)
[2026-06-08 18:34:49] Progress: 657/1003 prompts (r0:165/251 r1:165/251 r2:162/251 r3:165/250)
[2026-06-08 18:35:50] Progress: 660/1003 prompts (r0:165/251 r1:165/251 r2:165/251 r3:165/250)
[2026-06-08 18:36:50] Progress: 660/1003 prompts (r0:165/251 r1:165/251 r2:165/251 r3:165/250)
[2026-06-08 18:37:50] Progress: 660/1003 prompts (r0:165/251 r1:165/251 r2:165/251 r3:165/250)
[2026-06-08 18:38:50] Progress: 666/1003 prompts (r0:165/251 r1:168/251 r2:165/251 r3:168/250)
[2026-06-08 18:39:50] Progress: 666/1003 prompts (r0:165/251 r1:168/251 r2:165/251 r3:168/250)
[2026-06-08 18:40:50] Progress: 666/1003 prompts (r0:165/251 r1:168/251 r2:165/251 r3:168/250)
[2026-06-08 18:41:50] Progress: 666/1003 prompts (r0:165/251 r1:168/251 r2:165/251 r3:168/250)
[2026-06-08 18:42:50] Progress: 666/1003 prompts (r0:165/251 r1:168/251 r2:165/251 r3:168/250)
[2026-06-08 18:43:50] Progress: 666/1003 prompts (r0:165/251 r1:168/251 r2:165/251 r3:168/250)
[2026-06-08 18:44:51] Progress: 666/1003 prompts (r0:165/251 r1:168/251 r2:165/251 r3:168/250)
[2026-06-08 18:45:51] Progress: 666/1003 prompts (r0:165/251 r1:168/251 r2:165/251 r3:168/250)
[2026-06-08 18:46:51] Progress: 666/1003 prompts (r0:165/251 r1:168/251 r2:165/251 r3:168/250)
[2026-06-08 18:47:51] Progress: 666/1003 prompts (r0:165/251 r1:168/251 r2:165/251 r3:168/250)
[2026-06-08 18:48:51] Progress: 666/1003 prompts (r0:165/251 r1:168/251 r2:165/251 r3:168/250)
[2026-06-08 18:49:51] Progress: 666/1003 prompts (r0:165/251 r1:168/251 r2:165/251 r3:168/250)
[2026-06-08 18:50:51] Progress: 666/1003 prompts (r0:165/251 r1:168/251 r2:165/251 r3:168/250)
[2026-06-08 18:51:51] Progress: 666/1003 prompts (r0:165/251 r1:168/251 r2:165/251 r3:168/250)
[2026-06-08 18:52:52] Progress: 666/1003 prompts (r0:165/251 r1:168/251 r2:165/251 r3:168/250)
[2026-06-08 18:53:52] Progress: 666/1003 prompts (r0:165/251 r1:168/251 r2:165/251 r3:168/250)
[2026-06-08 18:54:52] Progress: 666/1003 prompts (r0:165/251 r1:168/251 r2:165/251 r3:168/250)
[2026-06-08 18:55:52] Progress: 666/1003 prompts (r0:165/251 r1:168/251 r2:165/251 r3:168/250)
[2026-06-08 18:56:52] Progress: 666/1003 prompts (r0:165/251 r1:168/251 r2:165/251 r3:168/250)
[2026-06-08 18:57:52] Progress: 666/1003 prompts (r0:165/251 r1:168/251 r2:165/251 r3:168/250)
[2026-06-08 18:58:52] Progress: 666/1003 prompts (r0:165/251 r1:168/251 r2:165/251 r3:168/250)
[2026-06-08 18:59:52] Progress: 666/1003 prompts (r0:165/251 r1:168/251 r2:165/251 r3:168/250)
[2026-06-08 19:00:52] Progress: 669/1003 prompts (r0:168/251 r1:168/251 r2:165/251 r3:168/250)
[2026-06-08 19:01:53] Progress: 669/1003 prompts (r0:168/251 r1:168/251 r2:165/251 r3:168/250)
[2026-06-08 19:02:53] Progress: 669/1003 prompts (r0:168/251 r1:168/251 r2:165/251 r3:168/250)
[2026-06-08 19:03:53] Progress: 669/1003 prompts (r0:168/251 r1:168/251 r2:165/251 r3:168/250)
[2026-06-08 19:04:53] Progress: 669/1003 prompts (r0:168/251 r1:168/251 r2:165/251 r3:168/250)
[2026-06-08 19:05:53] Progress: 669/1003 prompts (r0:168/251 r1:168/251 r2:165/251 r3:168/250)
[2026-06-08 19:06:53] Progress: 672/1003 prompts (r0:168/251 r1:168/251 r2:168/251 r3:168/250)
[2026-06-08 19:07:53] Progress: 672/1003 prompts (r0:168/251 r1:168/251 r2:168/251 r3:168/250)
[2026-06-08 19:08:53] Progress: 678/1003 prompts (r0:168/251 r1:171/251 r2:168/251 r3:171/250)
[2026-06-08 19:09:53] Progress: 678/1003 prompts (r0:168/251 r1:171/251 r2:168/251 r3:171/250)
[2026-06-08 19:10:54] Progress: 678/1003 prompts (r0:168/251 r1:171/251 r2:168/251 r3:171/250)
[2026-06-08 19:11:54] Progress: 678/1003 prompts (r0:168/251 r1:171/251 r2:168/251 r3:171/250)
[2026-06-08 19:12:54] Progress: 678/1003 prompts (r0:168/251 r1:171/251 r2:168/251 r3:171/250)
[2026-06-08 19:13:54] Progress: 678/1003 prompts (r0:168/251 r1:171/251 r2:168/251 r3:171/250)
[2026-06-08 19:14:54] Progress: 678/1003 prompts (r0:168/251 r1:171/251 r2:168/251 r3:171/250)
[2026-06-08 19:15:54] Progress: 678/1003 prompts (r0:168/251 r1:171/251 r2:168/251 r3:171/250)
[2026-06-08 19:16:54] Progress: 678/1003 prompts (r0:168/251 r1:171/251 r2:168/251 r3:171/250)
[2026-06-08 19:17:54] Progress: 678/1003 prompts (r0:168/251 r1:171/251 r2:168/251 r3:171/250)
[2026-06-08 19:18:55] Progress: 678/1003 prompts (r0:168/251 r1:171/251 r2:168/251 r3:171/250)
[2026-06-08 19:19:55] Progress: 678/1003 prompts (r0:168/251 r1:171/251 r2:168/251 r3:171/250)
[2026-06-08 19:20:55] Progress: 678/1003 prompts (r0:168/251 r1:171/251 r2:168/251 r3:171/250)
[2026-06-08 19:21:55] Progress: 678/1003 prompts (r0:168/251 r1:171/251 r2:168/251 r3:171/250)
[2026-06-08 19:22:55] Progress: 678/1003 prompts (r0:168/251 r1:171/251 r2:168/251 r3:171/250)
[2026-06-08 19:23:55] Progress: 678/1003 prompts (r0:168/251 r1:171/251 r2:168/251 r3:171/250)
[2026-06-08 19:24:55] Progress: 678/1003 prompts (r0:168/251 r1:171/251 r2:168/251 r3:171/250)
[2026-06-08 19:25:55] Progress: 678/1003 prompts (r0:168/251 r1:171/251 r2:168/251 r3:171/250)
[2026-06-08 19:26:55] Progress: 678/1003 prompts (r0:168/251 r1:171/251 r2:168/251 r3:171/250)
[2026-06-08 19:27:56] Progress: 678/1003 prompts (r0:168/251 r1:171/251 r2:168/251 r3:171/250)
[2026-06-08 19:28:56] Progress: 678/1003 prompts (r0:168/251 r1:171/251 r2:168/251 r3:171/250)
[2026-06-08 19:29:56] Progress: 678/1003 prompts (r0:168/251 r1:171/251 r2:168/251 r3:171/250)
[2026-06-08 19:30:56] Progress: 678/1003 prompts (r0:168/251 r1:171/251 r2:168/251 r3:171/250)
[2026-06-08 19:31:56] Progress: 681/1003 prompts (r0:171/251 r1:171/251 r2:168/251 r3:171/250)
[2026-06-08 19:32:56] Progress: 681/1003 prompts (r0:171/251 r1:171/251 r2:168/251 r3:171/250)
[2026-06-08 19:33:56] Progress: 681/1003 prompts (r0:171/251 r1:171/251 r2:168/251 r3:171/250)
[2026-06-08 19:34:56] Progress: 681/1003 prompts (r0:171/251 r1:171/251 r2:168/251 r3:171/250)
[2026-06-08 19:35:56] Progress: 681/1003 prompts (r0:171/251 r1:171/251 r2:168/251 r3:171/250)
[2026-06-08 19:36:57] Progress: 681/1003 prompts (r0:171/251 r1:171/251 r2:168/251 r3:171/250)
[2026-06-08 19:37:57] Progress: 684/1003 prompts (r0:171/251 r1:171/251 r2:171/251 r3:171/250)
[2026-06-08 19:38:57] Progress: 684/1003 prompts (r0:171/251 r1:171/251 r2:171/251 r3:171/250)
[2026-06-08 19:39:57] Progress: 690/1003 prompts (r0:171/251 r1:174/251 r2:171/251 r3:174/250)
[2026-06-08 19:40:57] Progress: 690/1003 prompts (r0:171/251 r1:174/251 r2:171/251 r3:174/250)
[2026-06-08 19:41:57] Progress: 690/1003 prompts (r0:171/251 r1:174/251 r2:171/251 r3:174/250)
[2026-06-08 19:42:57] Progress: 690/1003 prompts (r0:171/251 r1:174/251 r2:171/251 r3:174/250)
[2026-06-08 19:43:57] Progress: 690/1003 prompts (r0:171/251 r1:174/251 r2:171/251 r3:174/250)
[2026-06-08 19:44:58] Progress: 690/1003 prompts (r0:171/251 r1:174/251 r2:171/251 r3:174/250)
[2026-06-08 19:45:58] Progress: 690/1003 prompts (r0:171/251 r1:174/251 r2:171/251 r3:174/250)
[2026-06-08 19:46:58] Progress: 690/1003 prompts (r0:171/251 r1:174/251 r2:171/251 r3:174/250)
[2026-06-08 19:47:58] Progress: 690/1003 prompts (r0:171/251 r1:174/251 r2:171/251 r3:174/250)
[2026-06-08 19:48:58] Progress: 690/1003 prompts (r0:171/251 r1:174/251 r2:171/251 r3:174/250)
[2026-06-08 19:49:58] Progress: 690/1003 prompts (r0:171/251 r1:174/251 r2:171/251 r3:174/250)
[2026-06-08 19:50:58] Progress: 690/1003 prompts (r0:171/251 r1:174/251 r2:171/251 r3:174/250)
[2026-06-08 19:51:58] Progress: 690/1003 prompts (r0:171/251 r1:174/251 r2:171/251 r3:174/250)
[2026-06-08 19:52:58] Progress: 690/1003 prompts (r0:171/251 r1:174/251 r2:171/251 r3:174/250)
[2026-06-08 19:53:59] Progress: 690/1003 prompts (r0:171/251 r1:174/251 r2:171/251 r3:174/250)
[2026-06-08 19:54:59] Progress: 690/1003 prompts (r0:171/251 r1:174/251 r2:171/251 r3:174/250)
[2026-06-08 19:55:59] Progress: 690/1003 prompts (r0:171/251 r1:174/251 r2:171/251 r3:174/250)
[2026-06-08 19:56:59] Progress: 690/1003 prompts (r0:171/251 r1:174/251 r2:171/251 r3:174/250)
[2026-06-08 19:57:59] Progress: 690/1003 prompts (r0:171/251 r1:174/251 r2:171/251 r3:174/250)
[2026-06-08 19:58:59] Progress: 690/1003 prompts (r0:171/251 r1:174/251 r2:171/251 r3:174/250)
[2026-06-08 19:59:59] Progress: 690/1003 prompts (r0:171/251 r1:174/251 r2:171/251 r3:174/250)
[2026-06-08 20:00:59] Progress: 690/1003 prompts (r0:171/251 r1:174/251 r2:171/251 r3:174/250)
[2026-06-08 20:02:00] Progress: 690/1003 prompts (r0:171/251 r1:174/251 r2:171/251 r3:174/250)
[2026-06-08 20:03:00] Progress: 693/1003 prompts (r0:174/251 r1:174/251 r2:171/251 r3:174/250)
[2026-06-08 20:04:00] Progress: 693/1003 prompts (r0:174/251 r1:174/251 r2:171/251 r3:174/250)
[2026-06-08 20:05:00] Progress: 693/1003 prompts (r0:174/251 r1:174/251 r2:171/251 r3:174/250)
[2026-06-08 20:06:00] Progress: 693/1003 prompts (r0:174/251 r1:174/251 r2:171/251 r3:174/250)
[2026-06-08 20:07:00] Progress: 693/1003 prompts (r0:174/251 r1:174/251 r2:171/251 r3:174/250)
[2026-06-08 20:08:00] Progress: 693/1003 prompts (r0:174/251 r1:174/251 r2:171/251 r3:174/250)
[2026-06-08 20:09:00] Progress: 696/1003 prompts (r0:174/251 r1:174/251 r2:174/251 r3:174/250)
[2026-06-08 20:10:00] Progress: 702/1003 prompts (r0:174/251 r1:177/251 r2:174/251 r3:177/250)
[2026-06-08 20:11:01] Progress: 702/1003 prompts (r0:174/251 r1:177/251 r2:174/251 r3:177/250)
[2026-06-08 20:12:01] Progress: 702/1003 prompts (r0:174/251 r1:177/251 r2:174/251 r3:177/250)
[2026-06-08 20:13:01] Progress: 702/1003 prompts (r0:174/251 r1:177/251 r2:174/251 r3:177/250)
[2026-06-08 20:14:01] Progress: 702/1003 prompts (r0:174/251 r1:177/251 r2:174/251 r3:177/250)
[2026-06-08 20:15:01] Progress: 702/1003 prompts (r0:174/251 r1:177/251 r2:174/251 r3:177/250)
[2026-06-08 20:16:01] Progress: 702/1003 prompts (r0:174/251 r1:177/251 r2:174/251 r3:177/250)
[2026-06-08 20:17:01] Progress: 702/1003 prompts (r0:174/251 r1:177/251 r2:174/251 r3:177/250)
[2026-06-08 20:18:01] Progress: 702/1003 prompts (r0:174/251 r1:177/251 r2:174/251 r3:177/250)
[2026-06-08 20:19:02] Progress: 702/1003 prompts (r0:174/251 r1:177/251 r2:174/251 r3:177/250)
[2026-06-08 20:20:02] Progress: 702/1003 prompts (r0:174/251 r1:177/251 r2:174/251 r3:177/250)
[2026-06-08 20:21:02] Progress: 702/1003 prompts (r0:174/251 r1:177/251 r2:174/251 r3:177/250)
[2026-06-08 20:22:02] Progress: 702/1003 prompts (r0:174/251 r1:177/251 r2:174/251 r3:177/250)
[2026-06-08 20:23:02] Progress: 702/1003 prompts (r0:174/251 r1:177/251 r2:174/251 r3:177/250)
[2026-06-08 20:24:02] Progress: 702/1003 prompts (r0:174/251 r1:177/251 r2:174/251 r3:177/250)
[2026-06-08 20:25:02] Progress: 702/1003 prompts (r0:174/251 r1:177/251 r2:174/251 r3:177/250)
[2026-06-08 20:26:02] Progress: 702/1003 prompts (r0:174/251 r1:177/251 r2:174/251 r3:177/250)
[2026-06-08 20:27:02] Progress: 702/1003 prompts (r0:174/251 r1:177/251 r2:174/251 r3:177/250)
[2026-06-08 20:28:03] Progress: 702/1003 prompts (r0:174/251 r1:177/251 r2:174/251 r3:177/250)
[2026-06-08 20:29:03] Progress: 702/1003 prompts (r0:174/251 r1:177/251 r2:174/251 r3:177/250)
[2026-06-08 20:30:03] Progress: 702/1003 prompts (r0:174/251 r1:177/251 r2:174/251 r3:177/250)
[2026-06-08 20:31:03] Progress: 702/1003 prompts (r0:174/251 r1:177/251 r2:174/251 r3:177/250)
[2026-06-08 20:32:03] Progress: 702/1003 prompts (r0:174/251 r1:177/251 r2:174/251 r3:177/250)
[2026-06-08 20:33:03] Progress: 702/1003 prompts (r0:174/251 r1:177/251 r2:174/251 r3:177/250)
[2026-06-08 20:34:03] Progress: 705/1003 prompts (r0:177/251 r1:177/251 r2:174/251 r3:177/250)
[2026-06-08 20:35:03] Progress: 705/1003 prompts (r0:177/251 r1:177/251 r2:174/251 r3:177/250)
[2026-06-08 20:36:04] Progress: 705/1003 prompts (r0:177/251 r1:177/251 r2:174/251 r3:177/250)
[2026-06-08 20:37:04] Progress: 705/1003 prompts (r0:177/251 r1:177/251 r2:174/251 r3:177/250)
[2026-06-08 20:38:04] Progress: 705/1003 prompts (r0:177/251 r1:177/251 r2:174/251 r3:177/250)
[2026-06-08 20:39:04] Progress: 705/1003 prompts (r0:177/251 r1:177/251 r2:174/251 r3:177/250)
[2026-06-08 20:40:04] Progress: 714/1003 prompts (r0:177/251 r1:180/251 r2:177/251 r3:180/250)
[2026-06-08 20:41:04] Progress: 714/1003 prompts (r0:177/251 r1:180/251 r2:177/251 r3:180/250)
[2026-06-08 20:42:04] Progress: 714/1003 prompts (r0:177/251 r1:180/251 r2:177/251 r3:180/250)
[2026-06-08 20:43:04] Progress: 714/1003 prompts (r0:177/251 r1:180/251 r2:177/251 r3:180/250)
[2026-06-08 20:44:04] Progress: 714/1003 prompts (r0:177/251 r1:180/251 r2:177/251 r3:180/250)
[2026-06-08 20:45:05] Progress: 714/1003 prompts (r0:177/251 r1:180/251 r2:177/251 r3:180/250)
[2026-06-08 20:46:05] Progress: 714/1003 prompts (r0:177/251 r1:180/251 r2:177/251 r3:180/250)
[2026-06-08 20:47:05] Progress: 714/1003 prompts (r0:177/251 r1:180/251 r2:177/251 r3:180/250)
[2026-06-08 20:48:05] Progress: 714/1003 prompts (r0:177/251 r1:180/251 r2:177/251 r3:180/250)
[2026-06-08 20:49:05] Progress: 714/1003 prompts (r0:177/251 r1:180/251 r2:177/251 r3:180/250)
[2026-06-08 20:50:05] Progress: 714/1003 prompts (r0:177/251 r1:180/251 r2:177/251 r3:180/250)
[2026-06-08 20:51:05] Progress: 714/1003 prompts (r0:177/251 r1:180/251 r2:177/251 r3:180/250)
[2026-06-08 20:52:05] Progress: 714/1003 prompts (r0:177/251 r1:180/251 r2:177/251 r3:180/250)
[2026-06-08 20:53:06] Progress: 714/1003 prompts (r0:177/251 r1:180/251 r2:177/251 r3:180/250)
[2026-06-08 20:54:06] Progress: 714/1003 prompts (r0:177/251 r1:180/251 r2:177/251 r3:180/250)
[2026-06-08 20:55:06] Progress: 714/1003 prompts (r0:177/251 r1:180/251 r2:177/251 r3:180/250)
[2026-06-08 20:56:06] Progress: 714/1003 prompts (r0:177/251 r1:180/251 r2:177/251 r3:180/250)
[2026-06-08 20:57:06] Progress: 714/1003 prompts (r0:177/251 r1:180/251 r2:177/251 r3:180/250)
[2026-06-08 20:58:06] Progress: 714/1003 prompts (r0:177/251 r1:180/251 r2:177/251 r3:180/250)
[2026-06-08 20:59:06] Progress: 714/1003 prompts (r0:177/251 r1:180/251 r2:177/251 r3:180/250)
[2026-06-08 21:00:06] Progress: 714/1003 prompts (r0:177/251 r1:180/251 r2:177/251 r3:180/250)
[2026-06-08 21:01:06] Progress: 714/1003 prompts (r0:177/251 r1:180/251 r2:177/251 r3:180/250)
[2026-06-08 21:02:07] Progress: 714/1003 prompts (r0:177/251 r1:180/251 r2:177/251 r3:180/250)
[2026-06-08 21:03:07] Progress: 714/1003 prompts (r0:177/251 r1:180/251 r2:177/251 r3:180/250)
[2026-06-08 21:04:07] Progress: 717/1003 prompts (r0:180/251 r1:180/251 r2:177/251 r3:180/250)
[2026-06-08 21:05:07] Progress: 717/1003 prompts (r0:180/251 r1:180/251 r2:177/251 r3:180/250)
[2026-06-08 21:06:07] Progress: 717/1003 prompts (r0:180/251 r1:180/251 r2:177/251 r3:180/250)
[2026-06-08 21:07:07] Progress: 717/1003 prompts (r0:180/251 r1:180/251 r2:177/251 r3:180/250)
[2026-06-08 21:08:07] Progress: 717/1003 prompts (r0:180/251 r1:180/251 r2:177/251 r3:180/250)
[2026-06-08 21:09:07] Progress: 717/1003 prompts (r0:180/251 r1:180/251 r2:177/251 r3:180/250)
[2026-06-08 21:10:07] Progress: 717/1003 prompts (r0:180/251 r1:180/251 r2:177/251 r3:180/250)
[2026-06-08 21:11:08] Progress: 726/1003 prompts (r0:180/251 r1:183/251 r2:180/251 r3:183/250)
[2026-06-08 21:12:08] Progress: 726/1003 prompts (r0:180/251 r1:183/251 r2:180/251 r3:183/250)
[2026-06-08 21:13:08] Progress: 726/1003 prompts (r0:180/251 r1:183/251 r2:180/251 r3:183/250)
[2026-06-08 21:14:08] Progress: 726/1003 prompts (r0:180/251 r1:183/251 r2:180/251 r3:183/250)
[2026-06-08 21:15:08] Progress: 726/1003 prompts (r0:180/251 r1:183/251 r2:180/251 r3:183/250)
[2026-06-08 21:16:08] Progress: 726/1003 prompts (r0:180/251 r1:183/251 r2:180/251 r3:183/250)
[2026-06-08 21:17:08] Progress: 726/1003 prompts (r0:180/251 r1:183/251 r2:180/251 r3:183/250)
[2026-06-08 21:18:08] Progress: 726/1003 prompts (r0:180/251 r1:183/251 r2:180/251 r3:183/250)
[2026-06-08 21:19:09] Progress: 726/1003 prompts (r0:180/251 r1:183/251 r2:180/251 r3:183/250)
[2026-06-08 21:20:09] Progress: 726/1003 prompts (r0:180/251 r1:183/251 r2:180/251 r3:183/250)
[2026-06-08 21:21:09] Progress: 726/1003 prompts (r0:180/251 r1:183/251 r2:180/251 r3:183/250)
[2026-06-08 21:22:09] Progress: 726/1003 prompts (r0:180/251 r1:183/251 r2:180/251 r3:183/250)
[2026-06-08 21:23:09] Progress: 726/1003 prompts (r0:180/251 r1:183/251 r2:180/251 r3:183/250)
[2026-06-08 21:24:09] Progress: 726/1003 prompts (r0:180/251 r1:183/251 r2:180/251 r3:183/250)
[2026-06-08 21:25:09] Progress: 726/1003 prompts (r0:180/251 r1:183/251 r2:180/251 r3:183/250)
[2026-06-08 21:26:09] Progress: 726/1003 prompts (r0:180/251 r1:183/251 r2:180/251 r3:183/250)
[2026-06-08 21:27:09] Progress: 726/1003 prompts (r0:180/251 r1:183/251 r2:180/251 r3:183/250)
[2026-06-08 21:28:10] Progress: 726/1003 prompts (r0:180/251 r1:183/251 r2:180/251 r3:183/250)
[2026-06-08 21:29:10] Progress: 726/1003 prompts (r0:180/251 r1:183/251 r2:180/251 r3:183/250)
[2026-06-08 21:30:10] Progress: 726/1003 prompts (r0:180/251 r1:183/251 r2:180/251 r3:183/250)
[2026-06-08 21:31:10] Progress: 726/1003 prompts (r0:180/251 r1:183/251 r2:180/251 r3:183/250)
[2026-06-08 21:32:10] Progress: 726/1003 prompts (r0:180/251 r1:183/251 r2:180/251 r3:183/250)
[2026-06-08 21:33:10] Progress: 726/1003 prompts (r0:180/251 r1:183/251 r2:180/251 r3:183/250)
[2026-06-08 21:34:10] Progress: 726/1003 prompts (r0:180/251 r1:183/251 r2:180/251 r3:183/250)
[2026-06-08 21:35:10] Progress: 729/1003 prompts (r0:183/251 r1:183/251 r2:180/251 r3:183/250)
[2026-06-08 21:36:11] Progress: 729/1003 prompts (r0:183/251 r1:183/251 r2:180/251 r3:183/250)
[2026-06-08 21:37:11] Progress: 729/1003 prompts (r0:183/251 r1:183/251 r2:180/251 r3:183/250)
[2026-06-08 21:38:11] Progress: 729/1003 prompts (r0:183/251 r1:183/251 r2:180/251 r3:183/250)
[2026-06-08 21:39:11] Progress: 729/1003 prompts (r0:183/251 r1:183/251 r2:180/251 r3:183/250)
[2026-06-08 21:40:11] Progress: 729/1003 prompts (r0:183/251 r1:183/251 r2:180/251 r3:183/250)
[2026-06-08 21:41:11] Progress: 738/1003 prompts (r0:183/251 r1:186/251 r2:183/251 r3:186/250)
[2026-06-08 21:42:11] Progress: 738/1003 prompts (r0:183/251 r1:186/251 r2:183/251 r3:186/250)
[2026-06-08 21:43:11] Progress: 738/1003 prompts (r0:183/251 r1:186/251 r2:183/251 r3:186/250)
[2026-06-08 21:44:11] Progress: 738/1003 prompts (r0:183/251 r1:186/251 r2:183/251 r3:186/250)
[2026-06-08 21:45:12] Progress: 738/1003 prompts (r0:183/251 r1:186/251 r2:183/251 r3:186/250)
[2026-06-08 21:46:12] Progress: 738/1003 prompts (r0:183/251 r1:186/251 r2:183/251 r3:186/250)
[2026-06-08 21:47:12] Progress: 738/1003 prompts (r0:183/251 r1:186/251 r2:183/251 r3:186/250)
[2026-06-08 21:48:12] Progress: 738/1003 prompts (r0:183/251 r1:186/251 r2:183/251 r3:186/250)
[2026-06-08 21:49:12] Progress: 738/1003 prompts (r0:183/251 r1:186/251 r2:183/251 r3:186/250)
[2026-06-08 21:50:12] Progress: 738/1003 prompts (r0:183/251 r1:186/251 r2:183/251 r3:186/250)
[2026-06-08 21:51:12] Progress: 738/1003 prompts (r0:183/251 r1:186/251 r2:183/251 r3:186/250)
[2026-06-08 21:52:12] Progress: 738/1003 prompts (r0:183/251 r1:186/251 r2:183/251 r3:186/250)
[2026-06-08 21:53:13] Progress: 738/1003 prompts (r0:183/251 r1:186/251 r2:183/251 r3:186/250)
[2026-06-08 21:54:13] Progress: 738/1003 prompts (r0:183/251 r1:186/251 r2:183/251 r3:186/250)
[2026-06-08 21:55:13] Progress: 738/1003 prompts (r0:183/251 r1:186/251 r2:183/251 r3:186/250)
[2026-06-08 21:56:13] Progress: 738/1003 prompts (r0:183/251 r1:186/251 r2:183/251 r3:186/250)
[2026-06-08 21:57:13] Progress: 738/1003 prompts (r0:183/251 r1:186/251 r2:183/251 r3:186/250)
[2026-06-08 21:58:13] Progress: 738/1003 prompts (r0:183/251 r1:186/251 r2:183/251 r3:186/250)
[2026-06-08 21:59:13] Progress: 738/1003 prompts (r0:183/251 r1:186/251 r2:183/251 r3:186/250)
[2026-06-08 22:00:13] Progress: 738/1003 prompts (r0:183/251 r1:186/251 r2:183/251 r3:186/250)
[2026-06-08 22:01:13] Progress: 738/1003 prompts (r0:183/251 r1:186/251 r2:183/251 r3:186/250)
[2026-06-08 22:02:14] Progress: 738/1003 prompts (r0:183/251 r1:186/251 r2:183/251 r3:186/250)
[2026-06-08 22:03:14] Progress: 738/1003 prompts (r0:183/251 r1:186/251 r2:183/251 r3:186/250)
[2026-06-08 22:04:14] Progress: 738/1003 prompts (r0:183/251 r1:186/251 r2:183/251 r3:186/250)
[2026-06-08 22:05:14] Progress: 738/1003 prompts (r0:183/251 r1:186/251 r2:183/251 r3:186/250)
[2026-06-08 22:06:14] Progress: 741/1003 prompts (r0:186/251 r1:186/251 r2:183/251 r3:186/250)
[2026-06-08 22:07:14] Progress: 741/1003 prompts (r0:186/251 r1:186/251 r2:183/251 r3:186/250)
[2026-06-08 22:08:14] Progress: 741/1003 prompts (r0:186/251 r1:186/251 r2:183/251 r3:186/250)
[2026-06-08 22:09:14] Progress: 741/1003 prompts (r0:186/251 r1:186/251 r2:183/251 r3:186/250)
[2026-06-08 22:10:15] Progress: 741/1003 prompts (r0:186/251 r1:186/251 r2:183/251 r3:186/250)
[2026-06-08 22:11:15] Progress: 747/1003 prompts (r0:186/251 r1:189/251 r2:183/251 r3:189/250)
[2026-06-08 22:12:15] Progress: 750/1003 prompts (r0:186/251 r1:189/251 r2:186/251 r3:189/250)
[2026-06-08 22:13:15] Progress: 750/1003 prompts (r0:186/251 r1:189/251 r2:186/251 r3:189/250)
[2026-06-08 22:14:15] Progress: 750/1003 prompts (r0:186/251 r1:189/251 r2:186/251 r3:189/250)
[2026-06-08 22:15:15] Progress: 750/1003 prompts (r0:186/251 r1:189/251 r2:186/251 r3:189/250)
[2026-06-08 22:16:15] Progress: 750/1003 prompts (r0:186/251 r1:189/251 r2:186/251 r3:189/250)
[2026-06-08 22:17:15] Progress: 750/1003 prompts (r0:186/251 r1:189/251 r2:186/251 r3:189/250)
[2026-06-08 22:18:15] Progress: 750/1003 prompts (r0:186/251 r1:189/251 r2:186/251 r3:189/250)
[2026-06-08 22:19:16] Progress: 750/1003 prompts (r0:186/251 r1:189/251 r2:186/251 r3:189/250)
[2026-06-08 22:20:16] Progress: 750/1003 prompts (r0:186/251 r1:189/251 r2:186/251 r3:189/250)
[2026-06-08 22:21:16] Progress: 750/1003 prompts (r0:186/251 r1:189/251 r2:186/251 r3:189/250)
[2026-06-08 22:22:16] Progress: 750/1003 prompts (r0:186/251 r1:189/251 r2:186/251 r3:189/250)
[2026-06-08 22:23:16] Progress: 750/1003 prompts (r0:186/251 r1:189/251 r2:186/251 r3:189/250)
[2026-06-08 22:24:16] Progress: 750/1003 prompts (r0:186/251 r1:189/251 r2:186/251 r3:189/250)
[2026-06-08 22:25:16] Progress: 750/1003 prompts (r0:186/251 r1:189/251 r2:186/251 r3:189/250)
[2026-06-08 22:26:16] Progress: 750/1003 prompts (r0:186/251 r1:189/251 r2:186/251 r3:189/250)
[2026-06-08 22:27:17] Progress: 750/1003 prompts (r0:186/251 r1:189/251 r2:186/251 r3:189/250)
[2026-06-08 22:28:17] Progress: 750/1003 prompts (r0:186/251 r1:189/251 r2:186/251 r3:189/250)
[2026-06-08 22:29:17] Progress: 750/1003 prompts (r0:186/251 r1:189/251 r2:186/251 r3:189/250)
[2026-06-08 22:30:17] Progress: 750/1003 prompts (r0:186/251 r1:189/251 r2:186/251 r3:189/250)
[2026-06-08 22:31:17] Progress: 750/1003 prompts (r0:186/251 r1:189/251 r2:186/251 r3:189/250)
[2026-06-08 22:32:17] Progress: 750/1003 prompts (r0:186/251 r1:189/251 r2:186/251 r3:189/250)
[2026-06-08 22:33:17] Progress: 750/1003 prompts (r0:186/251 r1:189/251 r2:186/251 r3:189/250)
[2026-06-08 22:34:17] Progress: 750/1003 prompts (r0:186/251 r1:189/251 r2:186/251 r3:189/250)
[2026-06-08 22:35:17] Progress: 750/1003 prompts (r0:186/251 r1:189/251 r2:186/251 r3:189/250)
[2026-06-08 22:36:18] Progress: 750/1003 prompts (r0:186/251 r1:189/251 r2:186/251 r3:189/250)
[2026-06-08 22:37:18] Progress: 753/1003 prompts (r0:189/251 r1:189/251 r2:186/251 r3:189/250)
[2026-06-08 22:38:18] Progress: 753/1003 prompts (r0:189/251 r1:189/251 r2:186/251 r3:189/250)
[2026-06-08 22:39:18] Progress: 753/1003 prompts (r0:189/251 r1:189/251 r2:186/251 r3:189/250)
[2026-06-08 22:40:18] Progress: 753/1003 prompts (r0:189/251 r1:189/251 r2:186/251 r3:189/250)
[2026-06-08 22:41:18] Progress: 753/1003 prompts (r0:189/251 r1:189/251 r2:186/251 r3:189/250)
[2026-06-08 22:42:18] Progress: 759/1003 prompts (r0:189/251 r1:192/251 r2:186/251 r3:192/250)
[2026-06-08 22:43:18] Progress: 762/1003 prompts (r0:189/251 r1:192/251 r2:189/251 r3:192/250)
[2026-06-08 22:44:19] Progress: 762/1003 prompts (r0:189/251 r1:192/251 r2:189/251 r3:192/250)
[2026-06-08 22:45:19] Progress: 762/1003 prompts (r0:189/251 r1:192/251 r2:189/251 r3:192/250)
[2026-06-08 22:46:19] Progress: 762/1003 prompts (r0:189/251 r1:192/251 r2:189/251 r3:192/250)
[2026-06-08 22:47:19] Progress: 762/1003 prompts (r0:189/251 r1:192/251 r2:189/251 r3:192/250)
[2026-06-08 22:48:19] Progress: 762/1003 prompts (r0:189/251 r1:192/251 r2:189/251 r3:192/250)
[2026-06-08 22:49:19] Progress: 762/1003 prompts (r0:189/251 r1:192/251 r2:189/251 r3:192/250)
[2026-06-08 22:50:19] Progress: 762/1003 prompts (r0:189/251 r1:192/251 r2:189/251 r3:192/250)
[2026-06-08 22:51:19] Progress: 762/1003 prompts (r0:189/251 r1:192/251 r2:189/251 r3:192/250)
[2026-06-08 22:52:19] Progress: 762/1003 prompts (r0:189/251 r1:192/251 r2:189/251 r3:192/250)
[2026-06-08 22:53:20] Progress: 762/1003 prompts (r0:189/251 r1:192/251 r2:189/251 r3:192/250)
[2026-06-08 22:54:20] Progress: 762/1003 prompts (r0:189/251 r1:192/251 r2:189/251 r3:192/250)
[2026-06-08 22:55:20] Progress: 762/1003 prompts (r0:189/251 r1:192/251 r2:189/251 r3:192/250)
[2026-06-08 22:56:20] Progress: 762/1003 prompts (r0:189/251 r1:192/251 r2:189/251 r3:192/250)
[2026-06-08 22:57:20] Progress: 762/1003 prompts (r0:189/251 r1:192/251 r2:189/251 r3:192/250)
[2026-06-08 22:58:20] Progress: 762/1003 prompts (r0:189/251 r1:192/251 r2:189/251 r3:192/250)
[2026-06-08 22:59:20] Progress: 762/1003 prompts (r0:189/251 r1:192/251 r2:189/251 r3:192/250)
[2026-06-08 23:00:20] Progress: 762/1003 prompts (r0:189/251 r1:192/251 r2:189/251 r3:192/250)
[2026-06-08 23:01:21] Progress: 762/1003 prompts (r0:189/251 r1:192/251 r2:189/251 r3:192/250)
[2026-06-08 23:02:21] Progress: 762/1003 prompts (r0:189/251 r1:192/251 r2:189/251 r3:192/250)
[2026-06-08 23:03:21] Progress: 762/1003 prompts (r0:189/251 r1:192/251 r2:189/251 r3:192/250)
[2026-06-08 23:04:21] Progress: 762/1003 prompts (r0:189/251 r1:192/251 r2:189/251 r3:192/250)
[2026-06-08 23:05:21] Progress: 762/1003 prompts (r0:189/251 r1:192/251 r2:189/251 r3:192/250)
[2026-06-08 23:06:21] Progress: 762/1003 prompts (r0:189/251 r1:192/251 r2:189/251 r3:192/250)
[2026-06-08 23:07:21] Progress: 765/1003 prompts (r0:192/251 r1:192/251 r2:189/251 r3:192/250)
[2026-06-08 23:08:21] Progress: 765/1003 prompts (r0:192/251 r1:192/251 r2:189/251 r3:192/250)
[2026-06-08 23:09:21] Progress: 765/1003 prompts (r0:192/251 r1:192/251 r2:189/251 r3:192/250)
[2026-06-08 23:10:22] Progress: 765/1003 prompts (r0:192/251 r1:192/251 r2:189/251 r3:192/250)
[2026-06-08 23:11:22] Progress: 765/1003 prompts (r0:192/251 r1:192/251 r2:189/251 r3:192/250)
[2026-06-08 23:12:22] Progress: 771/1003 prompts (r0:192/251 r1:195/251 r2:189/251 r3:195/250)
[2026-06-08 23:13:22] Progress: 771/1003 prompts (r0:192/251 r1:195/251 r2:189/251 r3:195/250)
[2026-06-08 23:14:22] Progress: 774/1003 prompts (r0:192/251 r1:195/251 r2:192/251 r3:195/250)
[2026-06-08 23:15:22] Progress: 774/1003 prompts (r0:192/251 r1:195/251 r2:192/251 r3:195/250)
[2026-06-08 23:16:22] Progress: 774/1003 prompts (r0:192/251 r1:195/251 r2:192/251 r3:195/250)
[2026-06-08 23:17:22] Progress: 774/1003 prompts (r0:192/251 r1:195/251 r2:192/251 r3:195/250)
[2026-06-08 23:18:22] Progress: 774/1003 prompts (r0:192/251 r1:195/251 r2:192/251 r3:195/250)
[2026-06-08 23:19:23] Progress: 774/1003 prompts (r0:192/251 r1:195/251 r2:192/251 r3:195/250)
[2026-06-08 23:20:23] Progress: 774/1003 prompts (r0:192/251 r1:195/251 r2:192/251 r3:195/250)
[2026-06-08 23:21:23] Progress: 774/1003 prompts (r0:192/251 r1:195/251 r2:192/251 r3:195/250)
[2026-06-08 23:22:23] Progress: 774/1003 prompts (r0:192/251 r1:195/251 r2:192/251 r3:195/250)
[2026-06-08 23:23:23] Progress: 774/1003 prompts (r0:192/251 r1:195/251 r2:192/251 r3:195/250)
[2026-06-08 23:24:23] Progress: 774/1003 prompts (r0:192/251 r1:195/251 r2:192/251 r3:195/250)
[2026-06-08 23:25:23] Progress: 774/1003 prompts (r0:192/251 r1:195/251 r2:192/251 r3:195/250)
[2026-06-08 23:26:23] Progress: 774/1003 prompts (r0:192/251 r1:195/251 r2:192/251 r3:195/250)
[2026-06-08 23:27:24] Progress: 774/1003 prompts (r0:192/251 r1:195/251 r2:192/251 r3:195/250)
[2026-06-08 23:28:24] Progress: 774/1003 prompts (r0:192/251 r1:195/251 r2:192/251 r3:195/250)
[2026-06-08 23:29:24] Progress: 774/1003 prompts (r0:192/251 r1:195/251 r2:192/251 r3:195/250)
[2026-06-08 23:30:24] Progress: 774/1003 prompts (r0:192/251 r1:195/251 r2:192/251 r3:195/250)
[2026-06-08 23:31:24] Progress: 774/1003 prompts (r0:192/251 r1:195/251 r2:192/251 r3:195/250)
[2026-06-08 23:32:24] Progress: 774/1003 prompts (r0:192/251 r1:195/251 r2:192/251 r3:195/250)
[2026-06-08 23:33:24] Progress: 774/1003 prompts (r0:192/251 r1:195/251 r2:192/251 r3:195/250)
[2026-06-08 23:34:24] Progress: 774/1003 prompts (r0:192/251 r1:195/251 r2:192/251 r3:195/250)
[2026-06-08 23:35:24] Progress: 774/1003 prompts (r0:192/251 r1:195/251 r2:192/251 r3:195/250)
[2026-06-08 23:36:25] Progress: 774/1003 prompts (r0:192/251 r1:195/251 r2:192/251 r3:195/250)
[2026-06-08 23:37:25] Progress: 774/1003 prompts (r0:192/251 r1:195/251 r2:192/251 r3:195/250)
[2026-06-08 23:38:25] Progress: 777/1003 prompts (r0:195/251 r1:195/251 r2:192/251 r3:195/250)
[2026-06-08 23:39:25] Progress: 777/1003 prompts (r0:195/251 r1:195/251 r2:192/251 r3:195/250)
[2026-06-08 23:40:25] Progress: 777/1003 prompts (r0:195/251 r1:195/251 r2:192/251 r3:195/250)
[2026-06-08 23:41:25] Progress: 777/1003 prompts (r0:195/251 r1:195/251 r2:192/251 r3:195/250)
[2026-06-08 23:42:25] Progress: 780/1003 prompts (r0:195/251 r1:195/251 r2:192/251 r3:198/250)
[2026-06-08 23:43:25] Progress: 783/1003 prompts (r0:195/251 r1:198/251 r2:192/251 r3:198/250)
[2026-06-08 23:44:26] Progress: 783/1003 prompts (r0:195/251 r1:198/251 r2:192/251 r3:198/250)
[2026-06-08 23:45:26] Progress: 786/1003 prompts (r0:195/251 r1:198/251 r2:195/251 r3:198/250)
[2026-06-08 23:46:26] Progress: 786/1003 prompts (r0:195/251 r1:198/251 r2:195/251 r3:198/250)
[2026-06-08 23:47:26] Progress: 786/1003 prompts (r0:195/251 r1:198/251 r2:195/251 r3:198/250)
[2026-06-08 23:48:26] Progress: 786/1003 prompts (r0:195/251 r1:198/251 r2:195/251 r3:198/250)
[2026-06-08 23:49:26] Progress: 786/1003 prompts (r0:195/251 r1:198/251 r2:195/251 r3:198/250)
[2026-06-08 23:50:26] Progress: 786/1003 prompts (r0:195/251 r1:198/251 r2:195/251 r3:198/250)
[2026-06-08 23:51:26] Progress: 786/1003 prompts (r0:195/251 r1:198/251 r2:195/251 r3:198/250)
[2026-06-08 23:52:27] Progress: 786/1003 prompts (r0:195/251 r1:198/251 r2:195/251 r3:198/250)
[2026-06-08 23:53:27] Progress: 786/1003 prompts (r0:195/251 r1:198/251 r2:195/251 r3:198/250)
[2026-06-08 23:54:27] Progress: 786/1003 prompts (r0:195/251 r1:198/251 r2:195/251 r3:198/250)
[2026-06-08 23:55:27] Progress: 786/1003 prompts (r0:195/251 r1:198/251 r2:195/251 r3:198/250)
[2026-06-08 23:56:27] Progress: 786/1003 prompts (r0:195/251 r1:198/251 r2:195/251 r3:198/250)
[2026-06-08 23:57:27] Progress: 786/1003 prompts (r0:195/251 r1:198/251 r2:195/251 r3:198/250)
[2026-06-08 23:58:27] Progress: 786/1003 prompts (r0:195/251 r1:198/251 r2:195/251 r3:198/250)
[2026-06-08 23:59:27] Progress: 786/1003 prompts (r0:195/251 r1:198/251 r2:195/251 r3:198/250)
[2026-06-09 00:00:27] Progress: 786/1003 prompts (r0:195/251 r1:198/251 r2:195/251 r3:198/250)
[2026-06-09 00:01:28] Progress: 786/1003 prompts (r0:195/251 r1:198/251 r2:195/251 r3:198/250)
[2026-06-09 00:02:28] Progress: 786/1003 prompts (r0:195/251 r1:198/251 r2:195/251 r3:198/250)
[2026-06-09 00:03:28] Progress: 786/1003 prompts (r0:195/251 r1:198/251 r2:195/251 r3:198/250)
[2026-06-09 00:04:28] Progress: 786/1003 prompts (r0:195/251 r1:198/251 r2:195/251 r3:198/250)
[2026-06-09 00:05:28] Progress: 786/1003 prompts (r0:195/251 r1:198/251 r2:195/251 r3:198/250)
[2026-06-09 00:06:28] Progress: 786/1003 prompts (r0:195/251 r1:198/251 r2:195/251 r3:198/250)
[2026-06-09 00:07:28] Progress: 786/1003 prompts (r0:195/251 r1:198/251 r2:195/251 r3:198/250)
[2026-06-09 00:08:28] Progress: 786/1003 prompts (r0:195/251 r1:198/251 r2:195/251 r3:198/250)
[2026-06-09 00:09:28] Progress: 789/1003 prompts (r0:198/251 r1:198/251 r2:195/251 r3:198/250)
[2026-06-09 00:10:29] Progress: 789/1003 prompts (r0:198/251 r1:198/251 r2:195/251 r3:198/250)
[2026-06-09 00:11:29] Progress: 789/1003 prompts (r0:198/251 r1:198/251 r2:195/251 r3:198/250)
[2026-06-09 00:12:29] Progress: 789/1003 prompts (r0:198/251 r1:198/251 r2:195/251 r3:198/250)
[2026-06-09 00:13:29] Progress: 795/1003 prompts (r0:198/251 r1:201/251 r2:195/251 r3:201/250)
[2026-06-09 00:14:29] Progress: 795/1003 prompts (r0:198/251 r1:201/251 r2:195/251 r3:201/250)
[2026-06-09 00:15:29] Progress: 795/1003 prompts (r0:198/251 r1:201/251 r2:195/251 r3:201/250)
[2026-06-09 00:16:29] Progress: 798/1003 prompts (r0:198/251 r1:201/251 r2:198/251 r3:201/250)
[2026-06-09 00:17:29] Progress: 798/1003 prompts (r0:198/251 r1:201/251 r2:198/251 r3:201/250)
[2026-06-09 00:18:30] Progress: 798/1003 prompts (r0:198/251 r1:201/251 r2:198/251 r3:201/250)
[2026-06-09 00:19:30] Progress: 798/1003 prompts (r0:198/251 r1:201/251 r2:198/251 r3:201/250)
[2026-06-09 00:20:30] Progress: 798/1003 prompts (r0:198/251 r1:201/251 r2:198/251 r3:201/250)
[2026-06-09 00:21:30] Progress: 798/1003 prompts (r0:198/251 r1:201/251 r2:198/251 r3:201/250)
[2026-06-09 00:22:30] Progress: 798/1003 prompts (r0:198/251 r1:201/251 r2:198/251 r3:201/250)
[2026-06-09 00:23:30] Progress: 798/1003 prompts (r0:198/251 r1:201/251 r2:198/251 r3:201/250)
[2026-06-09 00:24:30] Progress: 798/1003 prompts (r0:198/251 r1:201/251 r2:198/251 r3:201/250)
[2026-06-09 00:25:30] Progress: 798/1003 prompts (r0:198/251 r1:201/251 r2:198/251 r3:201/250)
[2026-06-09 00:26:31] Progress: 798/1003 prompts (r0:198/251 r1:201/251 r2:198/251 r3:201/250)
[2026-06-09 00:27:31] Progress: 798/1003 prompts (r0:198/251 r1:201/251 r2:198/251 r3:201/250)
[2026-06-09 00:28:31] Progress: 798/1003 prompts (r0:198/251 r1:201/251 r2:198/251 r3:201/250)
[2026-06-09 00:29:31] Progress: 798/1003 prompts (r0:198/251 r1:201/251 r2:198/251 r3:201/250)
[2026-06-09 00:30:31] Progress: 798/1003 prompts (r0:198/251 r1:201/251 r2:198/251 r3:201/250)
[2026-06-09 00:31:31] Progress: 798/1003 prompts (r0:198/251 r1:201/251 r2:198/251 r3:201/250)
[2026-06-09 00:32:31] Progress: 798/1003 prompts (r0:198/251 r1:201/251 r2:198/251 r3:201/250)
[2026-06-09 00:33:31] Progress: 798/1003 prompts (r0:198/251 r1:201/251 r2:198/251 r3:201/250)
[2026-06-09 00:34:31] Progress: 798/1003 prompts (r0:198/251 r1:201/251 r2:198/251 r3:201/250)
[2026-06-09 00:35:32] Progress: 798/1003 prompts (r0:198/251 r1:201/251 r2:198/251 r3:201/250)
[2026-06-09 00:36:32] Progress: 798/1003 prompts (r0:198/251 r1:201/251 r2:198/251 r3:201/250)
[2026-06-09 00:37:32] Progress: 798/1003 prompts (r0:198/251 r1:201/251 r2:198/251 r3:201/250)
[2026-06-09 00:38:32] Progress: 798/1003 prompts (r0:198/251 r1:201/251 r2:198/251 r3:201/250)
[2026-06-09 00:39:32] Progress: 798/1003 prompts (r0:198/251 r1:201/251 r2:198/251 r3:201/250)
[2026-06-09 00:40:32] Progress: 801/1003 prompts (r0:201/251 r1:201/251 r2:198/251 r3:201/250)
[2026-06-09 00:41:32] Progress: 801/1003 prompts (r0:201/251 r1:201/251 r2:198/251 r3:201/250)
[2026-06-09 00:42:32] Progress: 801/1003 prompts (r0:201/251 r1:201/251 r2:198/251 r3:201/250)
[2026-06-09 00:43:32] Progress: 807/1003 prompts (r0:201/251 r1:204/251 r2:198/251 r3:204/250)
[2026-06-09 00:44:33] Progress: 807/1003 prompts (r0:201/251 r1:204/251 r2:198/251 r3:204/250)
[2026-06-09 00:45:33] Progress: 807/1003 prompts (r0:201/251 r1:204/251 r2:198/251 r3:204/250)
[2026-06-09 00:46:33] Progress: 807/1003 prompts (r0:201/251 r1:204/251 r2:198/251 r3:204/250)
[2026-06-09 00:47:33] Progress: 810/1003 prompts (r0:201/251 r1:204/251 r2:201/251 r3:204/250)
[2026-06-09 00:48:33] Progress: 810/1003 prompts (r0:201/251 r1:204/251 r2:201/251 r3:204/250)
[2026-06-09 00:49:33] Progress: 810/1003 prompts (r0:201/251 r1:204/251 r2:201/251 r3:204/250)
[2026-06-09 00:50:33] Progress: 810/1003 prompts (r0:201/251 r1:204/251 r2:201/251 r3:204/250)
[2026-06-09 00:51:33] Progress: 810/1003 prompts (r0:201/251 r1:204/251 r2:201/251 r3:204/250)
[2026-06-09 00:52:34] Progress: 810/1003 prompts (r0:201/251 r1:204/251 r2:201/251 r3:204/250)
[2026-06-09 00:53:34] Progress: 810/1003 prompts (r0:201/251 r1:204/251 r2:201/251 r3:204/250)
[2026-06-09 00:54:34] Progress: 810/1003 prompts (r0:201/251 r1:204/251 r2:201/251 r3:204/250)
[2026-06-09 00:55:34] Progress: 810/1003 prompts (r0:201/251 r1:204/251 r2:201/251 r3:204/250)
[2026-06-09 00:56:34] Progress: 810/1003 prompts (r0:201/251 r1:204/251 r2:201/251 r3:204/250)
[2026-06-09 00:57:34] Progress: 810/1003 prompts (r0:201/251 r1:204/251 r2:201/251 r3:204/250)
[2026-06-09 00:58:34] Progress: 810/1003 prompts (r0:201/251 r1:204/251 r2:201/251 r3:204/250)
[2026-06-09 00:59:34] Progress: 810/1003 prompts (r0:201/251 r1:204/251 r2:201/251 r3:204/250)
[2026-06-09 01:00:34] Progress: 810/1003 prompts (r0:201/251 r1:204/251 r2:201/251 r3:204/250)
[2026-06-09 01:01:35] Progress: 810/1003 prompts (r0:201/251 r1:204/251 r2:201/251 r3:204/250)
[2026-06-09 01:02:35] Progress: 810/1003 prompts (r0:201/251 r1:204/251 r2:201/251 r3:204/250)
[2026-06-09 01:03:35] Progress: 810/1003 prompts (r0:201/251 r1:204/251 r2:201/251 r3:204/250)
[2026-06-09 01:04:35] Progress: 810/1003 prompts (r0:201/251 r1:204/251 r2:201/251 r3:204/250)
[2026-06-09 01:05:35] Progress: 810/1003 prompts (r0:201/251 r1:204/251 r2:201/251 r3:204/250)
[2026-06-09 01:06:35] Progress: 810/1003 prompts (r0:201/251 r1:204/251 r2:201/251 r3:204/250)
[2026-06-09 01:07:35] Progress: 810/1003 prompts (r0:201/251 r1:204/251 r2:201/251 r3:204/250)
[2026-06-09 01:08:35] Progress: 810/1003 prompts (r0:201/251 r1:204/251 r2:201/251 r3:204/250)
[2026-06-09 01:09:36] Progress: 810/1003 prompts (r0:201/251 r1:204/251 r2:201/251 r3:204/250)
[2026-06-09 01:10:36] Progress: 813/1003 prompts (r0:204/251 r1:204/251 r2:201/251 r3:204/250)
[2026-06-09 01:11:36] Progress: 813/1003 prompts (r0:204/251 r1:204/251 r2:201/251 r3:204/250)
[2026-06-09 01:12:36] Progress: 813/1003 prompts (r0:204/251 r1:204/251 r2:201/251 r3:204/250)
[2026-06-09 01:13:36] Progress: 813/1003 prompts (r0:204/251 r1:204/251 r2:201/251 r3:204/250)
[2026-06-09 01:14:36] Progress: 819/1003 prompts (r0:204/251 r1:207/251 r2:201/251 r3:207/250)
[2026-06-09 01:15:36] Progress: 819/1003 prompts (r0:204/251 r1:207/251 r2:201/251 r3:207/250)
[2026-06-09 01:16:36] Progress: 819/1003 prompts (r0:204/251 r1:207/251 r2:201/251 r3:207/250)
[2026-06-09 01:17:36] Progress: 822/1003 prompts (r0:204/251 r1:207/251 r2:204/251 r3:207/250)
[2026-06-09 01:18:37] Progress: 822/1003 prompts (r0:204/251 r1:207/251 r2:204/251 r3:207/250)
[2026-06-09 01:19:37] Progress: 822/1003 prompts (r0:204/251 r1:207/251 r2:204/251 r3:207/250)
[2026-06-09 01:20:37] Progress: 822/1003 prompts (r0:204/251 r1:207/251 r2:204/251 r3:207/250)
[2026-06-09 01:21:37] Progress: 822/1003 prompts (r0:204/251 r1:207/251 r2:204/251 r3:207/250)
[2026-06-09 01:22:37] Progress: 822/1003 prompts (r0:204/251 r1:207/251 r2:204/251 r3:207/250)
[2026-06-09 01:23:37] Progress: 822/1003 prompts (r0:204/251 r1:207/251 r2:204/251 r3:207/250)
[2026-06-09 01:24:37] Progress: 822/1003 prompts (r0:204/251 r1:207/251 r2:204/251 r3:207/250)
[2026-06-09 01:25:37] Progress: 822/1003 prompts (r0:204/251 r1:207/251 r2:204/251 r3:207/250)
[2026-06-09 01:26:37] Progress: 822/1003 prompts (r0:204/251 r1:207/251 r2:204/251 r3:207/250)
[2026-06-09 01:27:38] Progress: 822/1003 prompts (r0:204/251 r1:207/251 r2:204/251 r3:207/250)
[2026-06-09 01:28:38] Progress: 822/1003 prompts (r0:204/251 r1:207/251 r2:204/251 r3:207/250)
[2026-06-09 01:29:38] Progress: 822/1003 prompts (r0:204/251 r1:207/251 r2:204/251 r3:207/250)
[2026-06-09 01:30:38] Progress: 822/1003 prompts (r0:204/251 r1:207/251 r2:204/251 r3:207/250)
[2026-06-09 01:31:38] Progress: 822/1003 prompts (r0:204/251 r1:207/251 r2:204/251 r3:207/250)
[2026-06-09 01:32:38] Progress: 822/1003 prompts (r0:204/251 r1:207/251 r2:204/251 r3:207/250)
[2026-06-09 01:33:38] Progress: 822/1003 prompts (r0:204/251 r1:207/251 r2:204/251 r3:207/250)
[2026-06-09 01:34:38] Progress: 822/1003 prompts (r0:204/251 r1:207/251 r2:204/251 r3:207/250)
[2026-06-09 01:35:39] Progress: 822/1003 prompts (r0:204/251 r1:207/251 r2:204/251 r3:207/250)
[2026-06-09 01:36:39] Progress: 822/1003 prompts (r0:204/251 r1:207/251 r2:204/251 r3:207/250)
[2026-06-09 01:37:39] Progress: 822/1003 prompts (r0:204/251 r1:207/251 r2:204/251 r3:207/250)
[2026-06-09 01:38:39] Progress: 822/1003 prompts (r0:204/251 r1:207/251 r2:204/251 r3:207/250)
[2026-06-09 01:39:39] Progress: 822/1003 prompts (r0:204/251 r1:207/251 r2:204/251 r3:207/250)
[2026-06-09 01:40:39] Progress: 822/1003 prompts (r0:204/251 r1:207/251 r2:204/251 r3:207/250)
[2026-06-09 01:41:39] Progress: 825/1003 prompts (r0:207/251 r1:207/251 r2:204/251 r3:207/250)
[2026-06-09 01:42:39] Progress: 825/1003 prompts (r0:207/251 r1:207/251 r2:204/251 r3:207/250)
[2026-06-09 01:43:39] Progress: 825/1003 prompts (r0:207/251 r1:207/251 r2:204/251 r3:207/250)
[2026-06-09 01:44:40] Progress: 831/1003 prompts (r0:207/251 r1:210/251 r2:204/251 r3:210/250)
[2026-06-09 01:45:40] Progress: 831/1003 prompts (r0:207/251 r1:210/251 r2:204/251 r3:210/250)
[2026-06-09 01:46:40] Progress: 831/1003 prompts (r0:207/251 r1:210/251 r2:204/251 r3:210/250)
[2026-06-09 01:47:40] Progress: 831/1003 prompts (r0:207/251 r1:210/251 r2:204/251 r3:210/250)
[2026-06-09 01:48:40] Progress: 834/1003 prompts (r0:207/251 r1:210/251 r2:207/251 r3:210/250)
[2026-06-09 01:49:40] Progress: 834/1003 prompts (r0:207/251 r1:210/251 r2:207/251 r3:210/250)
[2026-06-09 01:50:40] Progress: 834/1003 prompts (r0:207/251 r1:210/251 r2:207/251 r3:210/250)
[2026-06-09 01:51:40] Progress: 834/1003 prompts (r0:207/251 r1:210/251 r2:207/251 r3:210/250)
[2026-06-09 01:52:41] Progress: 834/1003 prompts (r0:207/251 r1:210/251 r2:207/251 r3:210/250)
[2026-06-09 01:53:41] Progress: 834/1003 prompts (r0:207/251 r1:210/251 r2:207/251 r3:210/250)
[2026-06-09 01:54:41] Progress: 834/1003 prompts (r0:207/251 r1:210/251 r2:207/251 r3:210/250)
[2026-06-09 01:55:41] Progress: 834/1003 prompts (r0:207/251 r1:210/251 r2:207/251 r3:210/250)
[2026-06-09 01:56:41] Progress: 834/1003 prompts (r0:207/251 r1:210/251 r2:207/251 r3:210/250)
[2026-06-09 01:57:41] Progress: 834/1003 prompts (r0:207/251 r1:210/251 r2:207/251 r3:210/250)
[2026-06-09 01:58:41] Progress: 834/1003 prompts (r0:207/251 r1:210/251 r2:207/251 r3:210/250)
[2026-06-09 01:59:41] Progress: 834/1003 prompts (r0:207/251 r1:210/251 r2:207/251 r3:210/250)
[2026-06-09 02:00:41] Progress: 834/1003 prompts (r0:207/251 r1:210/251 r2:207/251 r3:210/250)
[2026-06-09 02:01:42] Progress: 834/1003 prompts (r0:207/251 r1:210/251 r2:207/251 r3:210/250)
[2026-06-09 02:02:42] Progress: 834/1003 prompts (r0:207/251 r1:210/251 r2:207/251 r3:210/250)
[2026-06-09 02:03:42] Progress: 834/1003 prompts (r0:207/251 r1:210/251 r2:207/251 r3:210/250)
[2026-06-09 02:04:42] Progress: 834/1003 prompts (r0:207/251 r1:210/251 r2:207/251 r3:210/250)
[2026-06-09 02:05:42] Progress: 834/1003 prompts (r0:207/251 r1:210/251 r2:207/251 r3:210/250)
[2026-06-09 02:06:42] Progress: 834/1003 prompts (r0:207/251 r1:210/251 r2:207/251 r3:210/250)
[2026-06-09 02:07:42] Progress: 834/1003 prompts (r0:207/251 r1:210/251 r2:207/251 r3:210/250)
[2026-06-09 02:08:42] Progress: 834/1003 prompts (r0:207/251 r1:210/251 r2:207/251 r3:210/250)
[2026-06-09 02:09:43] Progress: 834/1003 prompts (r0:207/251 r1:210/251 r2:207/251 r3:210/250)
[2026-06-09 02:10:43] Progress: 834/1003 prompts (r0:207/251 r1:210/251 r2:207/251 r3:210/250)
[2026-06-09 02:11:43] Progress: 834/1003 prompts (r0:207/251 r1:210/251 r2:207/251 r3:210/250)
[2026-06-09 02:12:43] Progress: 837/1003 prompts (r0:210/251 r1:210/251 r2:207/251 r3:210/250)
[2026-06-09 02:13:43] Progress: 837/1003 prompts (r0:210/251 r1:210/251 r2:207/251 r3:210/250)
[2026-06-09 02:14:43] Progress: 843/1003 prompts (r0:210/251 r1:213/251 r2:207/251 r3:213/250)
[2026-06-09 02:15:43] Progress: 843/1003 prompts (r0:210/251 r1:213/251 r2:207/251 r3:213/250)
[2026-06-09 02:16:43] Progress: 843/1003 prompts (r0:210/251 r1:213/251 r2:207/251 r3:213/250)
[2026-06-09 02:17:43] Progress: 843/1003 prompts (r0:210/251 r1:213/251 r2:207/251 r3:213/250)
[2026-06-09 02:18:44] Progress: 843/1003 prompts (r0:210/251 r1:213/251 r2:207/251 r3:213/250)
[2026-06-09 02:19:44] Progress: 846/1003 prompts (r0:210/251 r1:213/251 r2:210/251 r3:213/250)
[2026-06-09 02:20:44] Progress: 846/1003 prompts (r0:210/251 r1:213/251 r2:210/251 r3:213/250)
[2026-06-09 02:21:44] Progress: 846/1003 prompts (r0:210/251 r1:213/251 r2:210/251 r3:213/250)
[2026-06-09 02:22:44] Progress: 846/1003 prompts (r0:210/251 r1:213/251 r2:210/251 r3:213/250)
[2026-06-09 02:23:44] Progress: 846/1003 prompts (r0:210/251 r1:213/251 r2:210/251 r3:213/250)
[2026-06-09 02:24:44] Progress: 846/1003 prompts (r0:210/251 r1:213/251 r2:210/251 r3:213/250)
[2026-06-09 02:25:44] Progress: 846/1003 prompts (r0:210/251 r1:213/251 r2:210/251 r3:213/250)
[2026-06-09 02:26:45] Progress: 846/1003 prompts (r0:210/251 r1:213/251 r2:210/251 r3:213/250)
[2026-06-09 02:27:45] Progress: 846/1003 prompts (r0:210/251 r1:213/251 r2:210/251 r3:213/250)
[2026-06-09 02:28:45] Progress: 846/1003 prompts (r0:210/251 r1:213/251 r2:210/251 r3:213/250)
[2026-06-09 02:29:45] Progress: 846/1003 prompts (r0:210/251 r1:213/251 r2:210/251 r3:213/250)
[2026-06-09 02:30:45] Progress: 846/1003 prompts (r0:210/251 r1:213/251 r2:210/251 r3:213/250)
[2026-06-09 02:31:45] Progress: 846/1003 prompts (r0:210/251 r1:213/251 r2:210/251 r3:213/250)
[2026-06-09 02:32:45] Progress: 846/1003 prompts (r0:210/251 r1:213/251 r2:210/251 r3:213/250)
[2026-06-09 02:33:45] Progress: 846/1003 prompts (r0:210/251 r1:213/251 r2:210/251 r3:213/250)
[2026-06-09 02:34:45] Progress: 846/1003 prompts (r0:210/251 r1:213/251 r2:210/251 r3:213/250)
[2026-06-09 02:35:46] Progress: 846/1003 prompts (r0:210/251 r1:213/251 r2:210/251 r3:213/250)
[2026-06-09 02:36:46] Progress: 846/1003 prompts (r0:210/251 r1:213/251 r2:210/251 r3:213/250)
[2026-06-09 02:37:46] Progress: 846/1003 prompts (r0:210/251 r1:213/251 r2:210/251 r3:213/250)
[2026-06-09 02:38:46] Progress: 846/1003 prompts (r0:210/251 r1:213/251 r2:210/251 r3:213/250)
[2026-06-09 02:39:46] Progress: 846/1003 prompts (r0:210/251 r1:213/251 r2:210/251 r3:213/250)
[2026-06-09 02:40:46] Progress: 846/1003 prompts (r0:210/251 r1:213/251 r2:210/251 r3:213/250)
[2026-06-09 02:41:46] Progress: 846/1003 prompts (r0:210/251 r1:213/251 r2:210/251 r3:213/250)
[2026-06-09 02:42:47] Progress: 846/1003 prompts (r0:210/251 r1:213/251 r2:210/251 r3:213/250)
[2026-06-09 02:43:48] Progress: 849/1003 prompts (r0:213/251 r1:213/251 r2:210/251 r3:213/250)
[2026-06-09 02:44:49] Progress: 849/1003 prompts (r0:213/251 r1:213/251 r2:210/251 r3:213/250)
[2026-06-09 02:45:49] Progress: 855/1003 prompts (r0:213/251 r1:216/251 r2:210/251 r3:216/250)
[2026-06-09 02:46:49] Progress: 855/1003 prompts (r0:213/251 r1:216/251 r2:210/251 r3:216/250)
[2026-06-09 02:47:50] Progress: 855/1003 prompts (r0:213/251 r1:216/251 r2:210/251 r3:216/250)
[2026-06-09 02:48:51] Progress: 855/1003 prompts (r0:213/251 r1:216/251 r2:210/251 r3:216/250)
[2026-06-09 02:49:51] Progress: 855/1003 prompts (r0:213/251 r1:216/251 r2:210/251 r3:216/250)
[2026-06-09 02:50:52] Progress: 858/1003 prompts (r0:213/251 r1:216/251 r2:213/251 r3:216/250)
[2026-06-09 02:51:53] Progress: 858/1003 prompts (r0:213/251 r1:216/251 r2:213/251 r3:216/250)
[2026-06-09 02:52:53] Progress: 858/1003 prompts (r0:213/251 r1:216/251 r2:213/251 r3:216/250)
[2026-06-09 02:53:55] Progress: 858/1003 prompts (r0:213/251 r1:216/251 r2:213/251 r3:216/250)
[2026-06-09 02:54:55] Progress: 858/1003 prompts (r0:213/251 r1:216/251 r2:213/251 r3:216/250)
[2026-06-09 02:55:57] Progress: 858/1003 prompts (r0:213/251 r1:216/251 r2:213/251 r3:216/250)
[2026-06-09 02:57:00] Progress: 858/1003 prompts (r0:213/251 r1:216/251 r2:213/251 r3:216/250)
[2026-06-09 02:58:01] Progress: 858/1003 prompts (r0:213/251 r1:216/251 r2:213/251 r3:216/250)
[2026-06-09 02:59:02] Progress: 858/1003 prompts (r0:213/251 r1:216/251 r2:213/251 r3:216/250)
[2026-06-09 03:00:02] Progress: 858/1003 prompts (r0:213/251 r1:216/251 r2:213/251 r3:216/250)
[2026-06-09 03:01:04] Progress: 858/1003 prompts (r0:213/251 r1:216/251 r2:213/251 r3:216/250)
[2026-06-09 03:02:04] Progress: 858/1003 prompts (r0:213/251 r1:216/251 r2:213/251 r3:216/250)
[2026-06-09 03:03:07] Progress: 858/1003 prompts (r0:213/251 r1:216/251 r2:213/251 r3:216/250)
[2026-06-09 03:04:10] Progress: 858/1003 prompts (r0:213/251 r1:216/251 r2:213/251 r3:216/250)
[2026-06-09 03:05:10] Progress: 858/1003 prompts (r0:213/251 r1:216/251 r2:213/251 r3:216/250)
[2026-06-09 03:06:12] Progress: 858/1003 prompts (r0:213/251 r1:216/251 r2:213/251 r3:216/250)
[2026-06-09 03:07:12] Progress: 858/1003 prompts (r0:213/251 r1:216/251 r2:213/251 r3:216/250)
[2026-06-09 03:08:15] Progress: 858/1003 prompts (r0:213/251 r1:216/251 r2:213/251 r3:216/250)
[2026-06-09 03:09:17] Progress: 858/1003 prompts (r0:213/251 r1:216/251 r2:213/251 r3:216/250)
[2026-06-09 03:10:18] Progress: 858/1003 prompts (r0:213/251 r1:216/251 r2:213/251 r3:216/250)
[2026-06-09 03:11:20] Progress: 858/1003 prompts (r0:213/251 r1:216/251 r2:213/251 r3:216/250)
[2026-06-09 03:12:22] Progress: 858/1003 prompts (r0:213/251 r1:216/251 r2:213/251 r3:216/250)
[2026-06-09 03:13:23] Progress: 858/1003 prompts (r0:213/251 r1:216/251 r2:213/251 r3:216/250)
[2026-06-09 03:14:23] Progress: 861/1003 prompts (r0:216/251 r1:216/251 r2:213/251 r3:216/250)
[2026-06-09 03:15:25] Progress: 864/1003 prompts (r0:216/251 r1:216/251 r2:213/251 r3:219/250)
[2026-06-09 03:16:27] Progress: 867/1003 prompts (r0:216/251 r1:219/251 r2:213/251 r3:219/250)
[2026-06-09 03:17:29] Progress: 867/1003 prompts (r0:216/251 r1:219/251 r2:213/251 r3:219/250)
[2026-06-09 03:18:30] Progress: 867/1003 prompts (r0:216/251 r1:219/251 r2:213/251 r3:219/250)
[2026-06-09 03:19:33] Progress: 867/1003 prompts (r0:216/251 r1:219/251 r2:213/251 r3:219/250)
[2026-06-09 03:20:33] Progress: 867/1003 prompts (r0:216/251 r1:219/251 r2:213/251 r3:219/250)
[2026-06-09 03:21:34] Progress: 870/1003 prompts (r0:216/251 r1:219/251 r2:216/251 r3:219/250)
[2026-06-09 03:22:35] Progress: 870/1003 prompts (r0:216/251 r1:219/251 r2:216/251 r3:219/250)
[2026-06-09 03:23:35] Progress: 870/1003 prompts (r0:216/251 r1:219/251 r2:216/251 r3:219/250)
[2026-06-09 03:24:36] Progress: 870/1003 prompts (r0:216/251 r1:219/251 r2:216/251 r3:219/250)
[2026-06-09 03:25:36] Progress: 870/1003 prompts (r0:216/251 r1:219/251 r2:216/251 r3:219/250)
[2026-06-09 03:26:37] Progress: 870/1003 prompts (r0:216/251 r1:219/251 r2:216/251 r3:219/250)
[2026-06-09 03:27:41] Progress: 870/1003 prompts (r0:216/251 r1:219/251 r2:216/251 r3:219/250)
[2026-06-09 03:28:41] Progress: 870/1003 prompts (r0:216/251 r1:219/251 r2:216/251 r3:219/250)
[2026-06-09 03:29:41] Progress: 870/1003 prompts (r0:216/251 r1:219/251 r2:216/251 r3:219/250)
[2026-06-09 03:30:41] Progress: 870/1003 prompts (r0:216/251 r1:219/251 r2:216/251 r3:219/250)
[2026-06-09 03:31:43] Progress: 870/1003 prompts (r0:216/251 r1:219/251 r2:216/251 r3:219/250)
[2026-06-09 03:32:46] Progress: 870/1003 prompts (r0:216/251 r1:219/251 r2:216/251 r3:219/250)
[2026-06-09 03:33:46] Progress: 870/1003 prompts (r0:216/251 r1:219/251 r2:216/251 r3:219/250)
[2026-06-09 03:34:47] Progress: 870/1003 prompts (r0:216/251 r1:219/251 r2:216/251 r3:219/250)
[2026-06-09 03:35:48] Progress: 870/1003 prompts (r0:216/251 r1:219/251 r2:216/251 r3:219/250)
[2026-06-09 03:36:49] Progress: 870/1003 prompts (r0:216/251 r1:219/251 r2:216/251 r3:219/250)
[2026-06-09 03:37:49] Progress: 870/1003 prompts (r0:216/251 r1:219/251 r2:216/251 r3:219/250)
[2026-06-09 03:38:50] Progress: 870/1003 prompts (r0:216/251 r1:219/251 r2:216/251 r3:219/250)
[2026-06-09 03:39:51] Progress: 870/1003 prompts (r0:216/251 r1:219/251 r2:216/251 r3:219/250)
[2026-06-09 03:40:51] Progress: 870/1003 prompts (r0:216/251 r1:219/251 r2:216/251 r3:219/250)
[2026-06-09 03:41:52] Progress: 870/1003 prompts (r0:216/251 r1:219/251 r2:216/251 r3:219/250)
[2026-06-09 03:42:53] Progress: 870/1003 prompts (r0:216/251 r1:219/251 r2:216/251 r3:219/250)
[2026-06-09 03:43:55] Progress: 870/1003 prompts (r0:216/251 r1:219/251 r2:216/251 r3:219/250)
[2026-06-09 03:44:55] Progress: 873/1003 prompts (r0:219/251 r1:219/251 r2:216/251 r3:219/250)
[2026-06-09 03:45:56] Progress: 879/1003 prompts (r0:219/251 r1:222/251 r2:216/251 r3:222/250)
[2026-06-09 03:46:57] Progress: 879/1003 prompts (r0:219/251 r1:222/251 r2:216/251 r3:222/250)
[2026-06-09 03:47:57] Progress: 879/1003 prompts (r0:219/251 r1:222/251 r2:216/251 r3:222/250)
[2026-06-09 03:48:59] Progress: 879/1003 prompts (r0:219/251 r1:222/251 r2:216/251 r3:222/250)
[2026-06-09 03:49:59] Progress: 879/1003 prompts (r0:219/251 r1:222/251 r2:216/251 r3:222/250)
[2026-06-09 03:51:00] Progress: 879/1003 prompts (r0:219/251 r1:222/251 r2:216/251 r3:222/250)
[2026-06-09 03:52:00] Progress: 879/1003 prompts (r0:219/251 r1:222/251 r2:216/251 r3:222/250)
[2026-06-09 03:53:01] Progress: 882/1003 prompts (r0:219/251 r1:222/251 r2:219/251 r3:222/250)
[2026-06-09 03:54:04] Progress: 882/1003 prompts (r0:219/251 r1:222/251 r2:219/251 r3:222/250)
[2026-06-09 03:55:05] Progress: 882/1003 prompts (r0:219/251 r1:222/251 r2:219/251 r3:222/250)
[2026-06-09 03:56:06] Progress: 882/1003 prompts (r0:219/251 r1:222/251 r2:219/251 r3:222/250)
[2026-06-09 03:57:06] Progress: 882/1003 prompts (r0:219/251 r1:222/251 r2:219/251 r3:222/250)
[2026-06-09 03:58:07] Progress: 882/1003 prompts (r0:219/251 r1:222/251 r2:219/251 r3:222/250)
[2026-06-09 03:59:08] Progress: 882/1003 prompts (r0:219/251 r1:222/251 r2:219/251 r3:222/250)
[2026-06-09 04:00:10] Progress: 882/1003 prompts (r0:219/251 r1:222/251 r2:219/251 r3:222/250)
[2026-06-09 04:01:12] Progress: 882/1003 prompts (r0:219/251 r1:222/251 r2:219/251 r3:222/250)
[2026-06-09 04:02:15] Progress: 882/1003 prompts (r0:219/251 r1:222/251 r2:219/251 r3:222/250)
[2026-06-09 04:03:16] Progress: 882/1003 prompts (r0:219/251 r1:222/251 r2:219/251 r3:222/250)
[2026-06-09 04:04:17] Progress: 882/1003 prompts (r0:219/251 r1:222/251 r2:219/251 r3:222/250)
[2026-06-09 04:05:18] Progress: 882/1003 prompts (r0:219/251 r1:222/251 r2:219/251 r3:222/250)
[2026-06-09 04:06:18] Progress: 882/1003 prompts (r0:219/251 r1:222/251 r2:219/251 r3:222/250)
[2026-06-09 04:07:19] Progress: 882/1003 prompts (r0:219/251 r1:222/251 r2:219/251 r3:222/250)
[2026-06-09 04:08:21] Progress: 882/1003 prompts (r0:219/251 r1:222/251 r2:219/251 r3:222/250)
[2026-06-09 04:09:23] Progress: 882/1003 prompts (r0:219/251 r1:222/251 r2:219/251 r3:222/250)
[2026-06-09 04:10:25] Progress: 882/1003 prompts (r0:219/251 r1:222/251 r2:219/251 r3:222/250)
[2026-06-09 04:11:26] Progress: 882/1003 prompts (r0:219/251 r1:222/251 r2:219/251 r3:222/250)
[2026-06-09 04:12:27] Progress: 882/1003 prompts (r0:219/251 r1:222/251 r2:219/251 r3:222/250)
[2026-06-09 04:13:29] Progress: 882/1003 prompts (r0:219/251 r1:222/251 r2:219/251 r3:222/250)
[2026-06-09 04:14:32] Progress: 882/1003 prompts (r0:219/251 r1:222/251 r2:219/251 r3:222/250)
[2026-06-09 04:15:33] Progress: 885/1003 prompts (r0:222/251 r1:222/251 r2:219/251 r3:222/250)
[2026-06-09 04:16:35] Progress: 891/1003 prompts (r0:222/251 r1:225/251 r2:219/251 r3:225/250)
[2026-06-09 04:17:35] Progress: 891/1003 prompts (r0:222/251 r1:225/251 r2:219/251 r3:225/250)
[2026-06-09 04:18:36] Progress: 891/1003 prompts (r0:222/251 r1:225/251 r2:219/251 r3:225/250)
[2026-06-09 04:19:39] Progress: 891/1003 prompts (r0:222/251 r1:225/251 r2:219/251 r3:225/250)
[2026-06-09 04:20:40] Progress: 891/1003 prompts (r0:222/251 r1:225/251 r2:219/251 r3:225/250)
[2026-06-09 04:21:40] Progress: 891/1003 prompts (r0:222/251 r1:225/251 r2:219/251 r3:225/250)
[2026-06-09 04:22:40] Progress: 891/1003 prompts (r0:222/251 r1:225/251 r2:219/251 r3:225/250)
[2026-06-09 04:23:43] Progress: 894/1003 prompts (r0:222/251 r1:225/251 r2:222/251 r3:225/250)
[2026-06-09 04:24:44] Progress: 894/1003 prompts (r0:222/251 r1:225/251 r2:222/251 r3:225/250)
[2026-06-09 04:25:45] Progress: 894/1003 prompts (r0:222/251 r1:225/251 r2:222/251 r3:225/250)
[2026-06-09 04:26:46] Progress: 894/1003 prompts (r0:222/251 r1:225/251 r2:222/251 r3:225/250)
[2026-06-09 04:27:47] Progress: 894/1003 prompts (r0:222/251 r1:225/251 r2:222/251 r3:225/250)
[2026-06-09 04:28:49] Progress: 894/1003 prompts (r0:222/251 r1:225/251 r2:222/251 r3:225/250)
[2026-06-09 04:29:50] Progress: 894/1003 prompts (r0:222/251 r1:225/251 r2:222/251 r3:225/250)
[2026-06-09 04:30:50] Progress: 894/1003 prompts (r0:222/251 r1:225/251 r2:222/251 r3:225/250)
[2026-06-09 04:31:52] Progress: 894/1003 prompts (r0:222/251 r1:225/251 r2:222/251 r3:225/250)
[2026-06-09 04:32:52] Progress: 894/1003 prompts (r0:222/251 r1:225/251 r2:222/251 r3:225/250)
[2026-06-09 04:33:53] Progress: 894/1003 prompts (r0:222/251 r1:225/251 r2:222/251 r3:225/250)
[2026-06-09 04:34:53] Progress: 894/1003 prompts (r0:222/251 r1:225/251 r2:222/251 r3:225/250)
[2026-06-09 04:35:55] Progress: 894/1003 prompts (r0:222/251 r1:225/251 r2:222/251 r3:225/250)
[2026-06-09 04:36:55] Progress: 894/1003 prompts (r0:222/251 r1:225/251 r2:222/251 r3:225/250)
[2026-06-09 04:37:56] Progress: 894/1003 prompts (r0:222/251 r1:225/251 r2:222/251 r3:225/250)
[2026-06-09 04:38:57] Progress: 894/1003 prompts (r0:222/251 r1:225/251 r2:222/251 r3:225/250)
[2026-06-09 04:39:58] Progress: 894/1003 prompts (r0:222/251 r1:225/251 r2:222/251 r3:225/250)
[2026-06-09 04:40:59] Progress: 894/1003 prompts (r0:222/251 r1:225/251 r2:222/251 r3:225/250)
[2026-06-09 04:42:01] Progress: 894/1003 prompts (r0:222/251 r1:225/251 r2:222/251 r3:225/250)
[2026-06-09 04:43:03] Progress: 894/1003 prompts (r0:222/251 r1:225/251 r2:222/251 r3:225/250)
[2026-06-09 04:44:04] Progress: 894/1003 prompts (r0:222/251 r1:225/251 r2:222/251 r3:225/250)
[2026-06-09 04:45:05] Progress: 894/1003 prompts (r0:222/251 r1:225/251 r2:222/251 r3:225/250)
[2026-06-09 04:46:06] Progress: 894/1003 prompts (r0:222/251 r1:225/251 r2:222/251 r3:225/250)
[2026-06-09 04:47:06] Progress: 903/1003 prompts (r0:225/251 r1:228/251 r2:222/251 r3:228/250)
[2026-06-09 04:48:07] Progress: 903/1003 prompts (r0:225/251 r1:228/251 r2:222/251 r3:228/250)
[2026-06-09 04:49:07] Progress: 903/1003 prompts (r0:225/251 r1:228/251 r2:222/251 r3:228/250)
[2026-06-09 04:50:08] Progress: 903/1003 prompts (r0:225/251 r1:228/251 r2:222/251 r3:228/250)
[2026-06-09 04:51:09] Progress: 903/1003 prompts (r0:225/251 r1:228/251 r2:222/251 r3:228/250)
[2026-06-09 04:52:09] Progress: 903/1003 prompts (r0:225/251 r1:228/251 r2:222/251 r3:228/250)
[2026-06-09 04:53:09] Progress: 903/1003 prompts (r0:225/251 r1:228/251 r2:222/251 r3:228/250)
[2026-06-09 04:54:10] Progress: 903/1003 prompts (r0:225/251 r1:228/251 r2:222/251 r3:228/250)
[2026-06-09 04:55:11] Progress: 906/1003 prompts (r0:225/251 r1:228/251 r2:225/251 r3:228/250)
[2026-06-09 04:56:11] Progress: 906/1003 prompts (r0:225/251 r1:228/251 r2:225/251 r3:228/250)
[2026-06-09 04:57:12] Progress: 906/1003 prompts (r0:225/251 r1:228/251 r2:225/251 r3:228/250)
[2026-06-09 04:58:12] Progress: 906/1003 prompts (r0:225/251 r1:228/251 r2:225/251 r3:228/250)
[2026-06-09 04:59:13] Progress: 906/1003 prompts (r0:225/251 r1:228/251 r2:225/251 r3:228/250)
[2026-06-09 05:00:13] Progress: 906/1003 prompts (r0:225/251 r1:228/251 r2:225/251 r3:228/250)
[2026-06-09 05:01:14] Progress: 906/1003 prompts (r0:225/251 r1:228/251 r2:225/251 r3:228/250)
[2026-06-09 05:02:14] Progress: 906/1003 prompts (r0:225/251 r1:228/251 r2:225/251 r3:228/250)
[2026-06-09 05:03:15] Progress: 906/1003 prompts (r0:225/251 r1:228/251 r2:225/251 r3:228/250)
[2026-06-09 05:04:15] Progress: 906/1003 prompts (r0:225/251 r1:228/251 r2:225/251 r3:228/250)
[2026-06-09 05:05:15] Progress: 906/1003 prompts (r0:225/251 r1:228/251 r2:225/251 r3:228/250)
[2026-06-09 05:06:15] Progress: 906/1003 prompts (r0:225/251 r1:228/251 r2:225/251 r3:228/250)
[2026-06-09 05:07:16] Progress: 906/1003 prompts (r0:225/251 r1:228/251 r2:225/251 r3:228/250)
[2026-06-09 05:08:16] Progress: 906/1003 prompts (r0:225/251 r1:228/251 r2:225/251 r3:228/250)
[2026-06-09 05:09:16] Progress: 906/1003 prompts (r0:225/251 r1:228/251 r2:225/251 r3:228/250)
[2026-06-09 05:10:17] Progress: 906/1003 prompts (r0:225/251 r1:228/251 r2:225/251 r3:228/250)
[2026-06-09 05:11:17] Progress: 906/1003 prompts (r0:225/251 r1:228/251 r2:225/251 r3:228/250)
[2026-06-09 05:12:17] Progress: 906/1003 prompts (r0:225/251 r1:228/251 r2:225/251 r3:228/250)
[2026-06-09 05:13:17] Progress: 906/1003 prompts (r0:225/251 r1:228/251 r2:225/251 r3:228/250)
[2026-06-09 05:14:17] Progress: 906/1003 prompts (r0:225/251 r1:228/251 r2:225/251 r3:228/250)
[2026-06-09 05:15:18] Progress: 906/1003 prompts (r0:225/251 r1:228/251 r2:225/251 r3:228/250)
[2026-06-09 05:16:18] Progress: 906/1003 prompts (r0:225/251 r1:228/251 r2:225/251 r3:228/250)
[2026-06-09 05:17:18] Progress: 915/1003 prompts (r0:228/251 r1:231/251 r2:225/251 r3:231/250)
[2026-06-09 05:18:18] Progress: 915/1003 prompts (r0:228/251 r1:231/251 r2:225/251 r3:231/250)
[2026-06-09 05:19:18] Progress: 915/1003 prompts (r0:228/251 r1:231/251 r2:225/251 r3:231/250)
[2026-06-09 05:20:18] Progress: 915/1003 prompts (r0:228/251 r1:231/251 r2:225/251 r3:231/250)
[2026-06-09 05:21:18] Progress: 915/1003 prompts (r0:228/251 r1:231/251 r2:225/251 r3:231/250)
[2026-06-09 05:22:19] Progress: 915/1003 prompts (r0:228/251 r1:231/251 r2:225/251 r3:231/250)
[2026-06-09 05:23:19] Progress: 915/1003 prompts (r0:228/251 r1:231/251 r2:225/251 r3:231/250)
[2026-06-09 05:24:19] Progress: 915/1003 prompts (r0:228/251 r1:231/251 r2:225/251 r3:231/250)
[2026-06-09 05:25:19] Progress: 918/1003 prompts (r0:228/251 r1:231/251 r2:228/251 r3:231/250)
[2026-06-09 05:26:20] Progress: 918/1003 prompts (r0:228/251 r1:231/251 r2:228/251 r3:231/250)
[2026-06-09 05:27:20] Progress: 918/1003 prompts (r0:228/251 r1:231/251 r2:228/251 r3:231/250)
[2026-06-09 05:28:20] Progress: 918/1003 prompts (r0:228/251 r1:231/251 r2:228/251 r3:231/250)
[2026-06-09 05:29:20] Progress: 918/1003 prompts (r0:228/251 r1:231/251 r2:228/251 r3:231/250)
[2026-06-09 05:30:20] Progress: 918/1003 prompts (r0:228/251 r1:231/251 r2:228/251 r3:231/250)
[2026-06-09 05:31:20] Progress: 918/1003 prompts (r0:228/251 r1:231/251 r2:228/251 r3:231/250)
[2026-06-09 05:32:20] Progress: 918/1003 prompts (r0:228/251 r1:231/251 r2:228/251 r3:231/250)
[2026-06-09 05:33:20] Progress: 918/1003 prompts (r0:228/251 r1:231/251 r2:228/251 r3:231/250)
[2026-06-09 05:34:20] Progress: 918/1003 prompts (r0:228/251 r1:231/251 r2:228/251 r3:231/250)
[2026-06-09 05:35:21] Progress: 918/1003 prompts (r0:228/251 r1:231/251 r2:228/251 r3:231/250)
[2026-06-09 05:36:21] Progress: 918/1003 prompts (r0:228/251 r1:231/251 r2:228/251 r3:231/250)
[2026-06-09 05:37:21] Progress: 918/1003 prompts (r0:228/251 r1:231/251 r2:228/251 r3:231/250)
[2026-06-09 05:38:21] Progress: 918/1003 prompts (r0:228/251 r1:231/251 r2:228/251 r3:231/250)
[2026-06-09 05:39:21] Progress: 918/1003 prompts (r0:228/251 r1:231/251 r2:228/251 r3:231/250)
[2026-06-09 05:40:23] Progress: 918/1003 prompts (r0:228/251 r1:231/251 r2:228/251 r3:231/250)
[2026-06-09 05:41:24] Progress: 918/1003 prompts (r0:228/251 r1:231/251 r2:228/251 r3:231/250)
[2026-06-09 05:42:24] Progress: 918/1003 prompts (r0:228/251 r1:231/251 r2:228/251 r3:231/250)
[2026-06-09 05:43:24] Progress: 918/1003 prompts (r0:228/251 r1:231/251 r2:228/251 r3:231/250)
[2026-06-09 05:44:24] Progress: 918/1003 prompts (r0:228/251 r1:231/251 r2:228/251 r3:231/250)
[2026-06-09 05:45:24] Progress: 918/1003 prompts (r0:228/251 r1:231/251 r2:228/251 r3:231/250)
[2026-06-09 05:46:24] Progress: 918/1003 prompts (r0:228/251 r1:231/251 r2:228/251 r3:231/250)
[2026-06-09 05:47:24] Progress: 918/1003 prompts (r0:228/251 r1:231/251 r2:228/251 r3:231/250)
[2026-06-09 05:48:25] Progress: 927/1003 prompts (r0:231/251 r1:234/251 r2:228/251 r3:234/250)
[2026-06-09 05:49:25] Progress: 927/1003 prompts (r0:231/251 r1:234/251 r2:228/251 r3:234/250)
[2026-06-09 05:50:26] Progress: 927/1003 prompts (r0:231/251 r1:234/251 r2:228/251 r3:234/250)
[2026-06-09 05:51:27] Progress: 927/1003 prompts (r0:231/251 r1:234/251 r2:228/251 r3:234/250)
[2026-06-09 05:52:28] Progress: 927/1003 prompts (r0:231/251 r1:234/251 r2:228/251 r3:234/250)
[2026-06-09 05:53:28] Progress: 927/1003 prompts (r0:231/251 r1:234/251 r2:228/251 r3:234/250)
[2026-06-09 05:54:28] Progress: 927/1003 prompts (r0:231/251 r1:234/251 r2:228/251 r3:234/250)
[2026-06-09 05:55:30] Progress: 927/1003 prompts (r0:231/251 r1:234/251 r2:228/251 r3:234/250)
[2026-06-09 05:56:31] Progress: 930/1003 prompts (r0:231/251 r1:234/251 r2:231/251 r3:234/250)
[2026-06-09 05:57:32] Progress: 930/1003 prompts (r0:231/251 r1:234/251 r2:231/251 r3:234/250)
[2026-06-09 05:58:32] Progress: 930/1003 prompts (r0:231/251 r1:234/251 r2:231/251 r3:234/250)
[2026-06-09 05:59:32] Progress: 930/1003 prompts (r0:231/251 r1:234/251 r2:231/251 r3:234/250)
[2026-06-09 06:00:32] Progress: 930/1003 prompts (r0:231/251 r1:234/251 r2:231/251 r3:234/250)
[2026-06-09 06:01:32] Progress: 930/1003 prompts (r0:231/251 r1:234/251 r2:231/251 r3:234/250)
[2026-06-09 06:02:33] Progress: 930/1003 prompts (r0:231/251 r1:234/251 r2:231/251 r3:234/250)
[2026-06-09 06:03:35] Progress: 930/1003 prompts (r0:231/251 r1:234/251 r2:231/251 r3:234/250)
[2026-06-09 06:04:36] Progress: 930/1003 prompts (r0:231/251 r1:234/251 r2:231/251 r3:234/250)
[2026-06-09 06:05:37] Progress: 930/1003 prompts (r0:231/251 r1:234/251 r2:231/251 r3:234/250)
[2026-06-09 06:06:38] Progress: 930/1003 prompts (r0:231/251 r1:234/251 r2:231/251 r3:234/250)
[2026-06-09 06:07:39] Progress: 930/1003 prompts (r0:231/251 r1:234/251 r2:231/251 r3:234/250)
[2026-06-09 06:08:39] Progress: 930/1003 prompts (r0:231/251 r1:234/251 r2:231/251 r3:234/250)
[2026-06-09 06:09:40] Progress: 930/1003 prompts (r0:231/251 r1:234/251 r2:231/251 r3:234/250)
[2026-06-09 06:10:41] Progress: 930/1003 prompts (r0:231/251 r1:234/251 r2:231/251 r3:234/250)
[2026-06-09 06:11:41] Progress: 930/1003 prompts (r0:231/251 r1:234/251 r2:231/251 r3:234/250)
[2026-06-09 06:12:41] Progress: 930/1003 prompts (r0:231/251 r1:234/251 r2:231/251 r3:234/250)
[2026-06-09 06:13:42] Progress: 930/1003 prompts (r0:231/251 r1:234/251 r2:231/251 r3:234/250)
[2026-06-09 06:14:42] Progress: 930/1003 prompts (r0:231/251 r1:234/251 r2:231/251 r3:234/250)
[2026-06-09 06:15:43] Progress: 930/1003 prompts (r0:231/251 r1:234/251 r2:231/251 r3:234/250)
[2026-06-09 06:16:43] Progress: 930/1003 prompts (r0:231/251 r1:234/251 r2:231/251 r3:234/250)
[2026-06-09 06:17:43] Progress: 930/1003 prompts (r0:231/251 r1:234/251 r2:231/251 r3:234/250)
[2026-06-09 06:18:44] Progress: 936/1003 prompts (r0:231/251 r1:237/251 r2:231/251 r3:237/250)
[2026-06-09 06:19:44] Progress: 939/1003 prompts (r0:234/251 r1:237/251 r2:231/251 r3:237/250)
[2026-06-09 06:20:44] Progress: 939/1003 prompts (r0:234/251 r1:237/251 r2:231/251 r3:237/250)
[2026-06-09 06:21:45] Progress: 939/1003 prompts (r0:234/251 r1:237/251 r2:231/251 r3:237/250)
[2026-06-09 06:22:45] Progress: 939/1003 prompts (r0:234/251 r1:237/251 r2:231/251 r3:237/250)
[2026-06-09 06:23:45] Progress: 939/1003 prompts (r0:234/251 r1:237/251 r2:231/251 r3:237/250)
[2026-06-09 06:24:46] Progress: 939/1003 prompts (r0:234/251 r1:237/251 r2:231/251 r3:237/250)
[2026-06-09 06:25:46] Progress: 939/1003 prompts (r0:234/251 r1:237/251 r2:231/251 r3:237/250)
[2026-06-09 06:26:46] Progress: 939/1003 prompts (r0:234/251 r1:237/251 r2:231/251 r3:237/250)
[2026-06-09 06:27:47] Progress: 942/1003 prompts (r0:234/251 r1:237/251 r2:234/251 r3:237/250)
[2026-06-09 06:28:47] Progress: 942/1003 prompts (r0:234/251 r1:237/251 r2:234/251 r3:237/250)
[2026-06-09 06:29:47] Progress: 942/1003 prompts (r0:234/251 r1:237/251 r2:234/251 r3:237/250)
[2026-06-09 06:30:48] Progress: 942/1003 prompts (r0:234/251 r1:237/251 r2:234/251 r3:237/250)
[2026-06-09 06:31:48] Progress: 942/1003 prompts (r0:234/251 r1:237/251 r2:234/251 r3:237/250)
[2026-06-09 06:32:48] Progress: 942/1003 prompts (r0:234/251 r1:237/251 r2:234/251 r3:237/250)
[2026-06-09 06:33:49] Progress: 942/1003 prompts (r0:234/251 r1:237/251 r2:234/251 r3:237/250)
[2026-06-09 06:34:49] Progress: 942/1003 prompts (r0:234/251 r1:237/251 r2:234/251 r3:237/250)
[2026-06-09 06:35:49] Progress: 942/1003 prompts (r0:234/251 r1:237/251 r2:234/251 r3:237/250)
[2026-06-09 06:36:50] Progress: 942/1003 prompts (r0:234/251 r1:237/251 r2:234/251 r3:237/250)
[2026-06-09 06:37:50] Progress: 942/1003 prompts (r0:234/251 r1:237/251 r2:234/251 r3:237/250)
[2026-06-09 06:38:50] Progress: 942/1003 prompts (r0:234/251 r1:237/251 r2:234/251 r3:237/250)
[2026-06-09 06:39:50] Progress: 942/1003 prompts (r0:234/251 r1:237/251 r2:234/251 r3:237/250)
[2026-06-09 06:40:51] Progress: 942/1003 prompts (r0:234/251 r1:237/251 r2:234/251 r3:237/250)
[2026-06-09 06:41:51] Progress: 942/1003 prompts (r0:234/251 r1:237/251 r2:234/251 r3:237/250)
[2026-06-09 06:42:51] Progress: 942/1003 prompts (r0:234/251 r1:237/251 r2:234/251 r3:237/250)
[2026-06-09 06:43:52] Progress: 942/1003 prompts (r0:234/251 r1:237/251 r2:234/251 r3:237/250)
[2026-06-09 06:44:52] Progress: 942/1003 prompts (r0:234/251 r1:237/251 r2:234/251 r3:237/250)
[2026-06-09 06:45:52] Progress: 942/1003 prompts (r0:234/251 r1:237/251 r2:234/251 r3:237/250)
[2026-06-09 06:46:52] Progress: 942/1003 prompts (r0:234/251 r1:237/251 r2:234/251 r3:237/250)
[2026-06-09 06:47:52] Progress: 942/1003 prompts (r0:234/251 r1:237/251 r2:234/251 r3:237/250)
[2026-06-09 06:48:53] Progress: 948/1003 prompts (r0:234/251 r1:240/251 r2:234/251 r3:240/250)
[2026-06-09 06:49:53] Progress: 951/1003 prompts (r0:237/251 r1:240/251 r2:234/251 r3:240/250)
[2026-06-09 06:50:54] Progress: 951/1003 prompts (r0:237/251 r1:240/251 r2:234/251 r3:240/250)
[2026-06-09 06:51:54] Progress: 951/1003 prompts (r0:237/251 r1:240/251 r2:234/251 r3:240/250)
[2026-06-09 06:52:55] Progress: 951/1003 prompts (r0:237/251 r1:240/251 r2:234/251 r3:240/250)
[2026-06-09 06:53:55] Progress: 951/1003 prompts (r0:237/251 r1:240/251 r2:234/251 r3:240/250)
[2026-06-09 06:54:56] Progress: 951/1003 prompts (r0:237/251 r1:240/251 r2:234/251 r3:240/250)
[2026-06-09 06:55:56] Progress: 951/1003 prompts (r0:237/251 r1:240/251 r2:234/251 r3:240/250)
[2026-06-09 06:56:57] Progress: 951/1003 prompts (r0:237/251 r1:240/251 r2:234/251 r3:240/250)
[2026-06-09 06:57:57] Progress: 954/1003 prompts (r0:237/251 r1:240/251 r2:237/251 r3:240/250)
[2026-06-09 06:58:57] Progress: 954/1003 prompts (r0:237/251 r1:240/251 r2:237/251 r3:240/250)
[2026-06-09 06:59:57] Progress: 954/1003 prompts (r0:237/251 r1:240/251 r2:237/251 r3:240/250)
[2026-06-09 07:00:57] Progress: 954/1003 prompts (r0:237/251 r1:240/251 r2:237/251 r3:240/250)
[2026-06-09 07:01:58] Progress: 954/1003 prompts (r0:237/251 r1:240/251 r2:237/251 r3:240/250)
[2026-06-09 07:02:58] Progress: 954/1003 prompts (r0:237/251 r1:240/251 r2:237/251 r3:240/250)
[2026-06-09 07:03:58] Progress: 954/1003 prompts (r0:237/251 r1:240/251 r2:237/251 r3:240/250)
[2026-06-09 07:04:58] Progress: 954/1003 prompts (r0:237/251 r1:240/251 r2:237/251 r3:240/250)
[2026-06-09 07:05:59] Progress: 954/1003 prompts (r0:237/251 r1:240/251 r2:237/251 r3:240/250)
[2026-06-09 07:06:59] Progress: 954/1003 prompts (r0:237/251 r1:240/251 r2:237/251 r3:240/250)
[2026-06-09 07:07:59] Progress: 954/1003 prompts (r0:237/251 r1:240/251 r2:237/251 r3:240/250)
[2026-06-09 07:09:00] Progress: 954/1003 prompts (r0:237/251 r1:240/251 r2:237/251 r3:240/250)
[2026-06-09 07:10:00] Progress: 954/1003 prompts (r0:237/251 r1:240/251 r2:237/251 r3:240/250)
[2026-06-09 07:11:00] Progress: 954/1003 prompts (r0:237/251 r1:240/251 r2:237/251 r3:240/250)
[2026-06-09 07:12:00] Progress: 954/1003 prompts (r0:237/251 r1:240/251 r2:237/251 r3:240/250)
[2026-06-09 07:13:00] Progress: 954/1003 prompts (r0:237/251 r1:240/251 r2:237/251 r3:240/250)
[2026-06-09 07:14:00] Progress: 954/1003 prompts (r0:237/251 r1:240/251 r2:237/251 r3:240/250)
[2026-06-09 07:15:01] Progress: 954/1003 prompts (r0:237/251 r1:240/251 r2:237/251 r3:240/250)
[2026-06-09 07:16:01] Progress: 954/1003 prompts (r0:237/251 r1:240/251 r2:237/251 r3:240/250)
[2026-06-09 07:17:01] Progress: 954/1003 prompts (r0:237/251 r1:240/251 r2:237/251 r3:240/250)
[2026-06-09 07:18:01] Progress: 954/1003 prompts (r0:237/251 r1:240/251 r2:237/251 r3:240/250)
[2026-06-09 07:19:01] Progress: 960/1003 prompts (r0:237/251 r1:243/251 r2:237/251 r3:243/250)
[2026-06-09 07:20:01] Progress: 960/1003 prompts (r0:237/251 r1:243/251 r2:237/251 r3:243/250)
[2026-06-09 07:21:01] Progress: 963/1003 prompts (r0:240/251 r1:243/251 r2:237/251 r3:243/250)
[2026-06-09 07:22:02] Progress: 963/1003 prompts (r0:240/251 r1:243/251 r2:237/251 r3:243/250)
[2026-06-09 07:23:02] Progress: 963/1003 prompts (r0:240/251 r1:243/251 r2:237/251 r3:243/250)
[2026-06-09 07:24:02] Progress: 963/1003 prompts (r0:240/251 r1:243/251 r2:237/251 r3:243/250)
[2026-06-09 07:25:02] Progress: 963/1003 prompts (r0:240/251 r1:243/251 r2:237/251 r3:243/250)
[2026-06-09 07:26:02] Progress: 963/1003 prompts (r0:240/251 r1:243/251 r2:237/251 r3:243/250)
[2026-06-09 07:27:02] Progress: 963/1003 prompts (r0:240/251 r1:243/251 r2:237/251 r3:243/250)
[2026-06-09 07:28:03] Progress: 963/1003 prompts (r0:240/251 r1:243/251 r2:237/251 r3:243/250)
[2026-06-09 07:29:03] Progress: 966/1003 prompts (r0:240/251 r1:243/251 r2:240/251 r3:243/250)
[2026-06-09 07:30:03] Progress: 966/1003 prompts (r0:240/251 r1:243/251 r2:240/251 r3:243/250)
[2026-06-09 07:31:03] Progress: 966/1003 prompts (r0:240/251 r1:243/251 r2:240/251 r3:243/250)
[2026-06-09 07:32:03] Progress: 966/1003 prompts (r0:240/251 r1:243/251 r2:240/251 r3:243/250)
[2026-06-09 07:33:03] Progress: 966/1003 prompts (r0:240/251 r1:243/251 r2:240/251 r3:243/250)
[2026-06-09 07:34:03] Progress: 966/1003 prompts (r0:240/251 r1:243/251 r2:240/251 r3:243/250)
[2026-06-09 07:35:04] Progress: 966/1003 prompts (r0:240/251 r1:243/251 r2:240/251 r3:243/250)
[2026-06-09 07:36:04] Progress: 966/1003 prompts (r0:240/251 r1:243/251 r2:240/251 r3:243/250)
[2026-06-09 07:37:04] Progress: 966/1003 prompts (r0:240/251 r1:243/251 r2:240/251 r3:243/250)
[2026-06-09 07:38:04] Progress: 966/1003 prompts (r0:240/251 r1:243/251 r2:240/251 r3:243/250)
[2026-06-09 07:39:04] Progress: 966/1003 prompts (r0:240/251 r1:243/251 r2:240/251 r3:243/250)
[2026-06-09 07:40:04] Progress: 966/1003 prompts (r0:240/251 r1:243/251 r2:240/251 r3:243/250)
[2026-06-09 07:41:04] Progress: 966/1003 prompts (r0:240/251 r1:243/251 r2:240/251 r3:243/250)
[2026-06-09 07:42:05] Progress: 966/1003 prompts (r0:240/251 r1:243/251 r2:240/251 r3:243/250)
[2026-06-09 07:43:05] Progress: 966/1003 prompts (r0:240/251 r1:243/251 r2:240/251 r3:243/250)
[2026-06-09 07:44:05] Progress: 966/1003 prompts (r0:240/251 r1:243/251 r2:240/251 r3:243/250)
[2026-06-09 07:45:05] Progress: 966/1003 prompts (r0:240/251 r1:243/251 r2:240/251 r3:243/250)
[2026-06-09 07:46:05] Progress: 966/1003 prompts (r0:240/251 r1:243/251 r2:240/251 r3:243/250)
[2026-06-09 07:47:05] Progress: 966/1003 prompts (r0:240/251 r1:243/251 r2:240/251 r3:243/250)
[2026-06-09 07:48:05] Progress: 966/1003 prompts (r0:240/251 r1:243/251 r2:240/251 r3:243/250)
[2026-06-09 07:49:05] Progress: 966/1003 prompts (r0:240/251 r1:243/251 r2:240/251 r3:243/250)
[2026-06-09 07:50:06] Progress: 972/1003 prompts (r0:240/251 r1:246/251 r2:240/251 r3:246/250)
[2026-06-09 07:51:06] Progress: 972/1003 prompts (r0:240/251 r1:246/251 r2:240/251 r3:246/250)
[2026-06-09 07:52:06] Progress: 975/1003 prompts (r0:243/251 r1:246/251 r2:240/251 r3:246/250)
[2026-06-09 07:53:06] Progress: 975/1003 prompts (r0:243/251 r1:246/251 r2:240/251 r3:246/250)
[2026-06-09 07:54:06] Progress: 975/1003 prompts (r0:243/251 r1:246/251 r2:240/251 r3:246/250)
[2026-06-09 07:55:06] Progress: 975/1003 prompts (r0:243/251 r1:246/251 r2:240/251 r3:246/250)
[2026-06-09 07:56:06] Progress: 975/1003 prompts (r0:243/251 r1:246/251 r2:240/251 r3:246/250)
[2026-06-09 07:57:06] Progress: 975/1003 prompts (r0:243/251 r1:246/251 r2:240/251 r3:246/250)
[2026-06-09 07:58:06] Progress: 975/1003 prompts (r0:243/251 r1:246/251 r2:240/251 r3:246/250)
[2026-06-09 07:59:07] Progress: 975/1003 prompts (r0:243/251 r1:246/251 r2:240/251 r3:246/250)
[2026-06-09 08:00:07] Progress: 978/1003 prompts (r0:243/251 r1:246/251 r2:243/251 r3:246/250)
[2026-06-09 08:01:07] Progress: 978/1003 prompts (r0:243/251 r1:246/251 r2:243/251 r3:246/250)
[2026-06-09 08:02:07] Progress: 978/1003 prompts (r0:243/251 r1:246/251 r2:243/251 r3:246/250)
[2026-06-09 08:03:07] Progress: 978/1003 prompts (r0:243/251 r1:246/251 r2:243/251 r3:246/250)
[2026-06-09 08:04:07] Progress: 978/1003 prompts (r0:243/251 r1:246/251 r2:243/251 r3:246/250)
[2026-06-09 08:05:07] Progress: 978/1003 prompts (r0:243/251 r1:246/251 r2:243/251 r3:246/250)
[2026-06-09 08:06:07] Progress: 978/1003 prompts (r0:243/251 r1:246/251 r2:243/251 r3:246/250)
[2026-06-09 08:07:08] Progress: 978/1003 prompts (r0:243/251 r1:246/251 r2:243/251 r3:246/250)
[2026-06-09 08:08:08] Progress: 978/1003 prompts (r0:243/251 r1:246/251 r2:243/251 r3:246/250)
[2026-06-09 08:09:08] Progress: 978/1003 prompts (r0:243/251 r1:246/251 r2:243/251 r3:246/250)
[2026-06-09 08:10:08] Progress: 978/1003 prompts (r0:243/251 r1:246/251 r2:243/251 r3:246/250)
[2026-06-09 08:11:08] Progress: 978/1003 prompts (r0:243/251 r1:246/251 r2:243/251 r3:246/250)
[2026-06-09 08:12:08] Progress: 978/1003 prompts (r0:243/251 r1:246/251 r2:243/251 r3:246/250)
[2026-06-09 08:13:08] Progress: 978/1003 prompts (r0:243/251 r1:246/251 r2:243/251 r3:246/250)
[2026-06-09 08:14:08] Progress: 978/1003 prompts (r0:243/251 r1:246/251 r2:243/251 r3:246/250)
[2026-06-09 08:15:08] Progress: 978/1003 prompts (r0:243/251 r1:246/251 r2:243/251 r3:246/250)
[2026-06-09 08:16:09] Progress: 978/1003 prompts (r0:243/251 r1:246/251 r2:243/251 r3:246/250)
[2026-06-09 08:17:09] Progress: 978/1003 prompts (r0:243/251 r1:246/251 r2:243/251 r3:246/250)
[2026-06-09 08:18:09] Progress: 978/1003 prompts (r0:243/251 r1:246/251 r2:243/251 r3:246/250)
[2026-06-09 08:19:09] Progress: 978/1003 prompts (r0:243/251 r1:246/251 r2:243/251 r3:246/250)
[2026-06-09 08:20:09] Progress: 984/1003 prompts (r0:243/251 r1:249/251 r2:243/251 r3:249/250)
[2026-06-09 08:21:09] Progress: 984/1003 prompts (r0:243/251 r1:249/251 r2:243/251 r3:249/250)
[2026-06-09 08:22:09] Progress: 987/1003 prompts (r0:246/251 r1:249/251 r2:243/251 r3:249/250)
[2026-06-09 08:23:09] Progress: 987/1003 prompts (r0:246/251 r1:249/251 r2:243/251 r3:249/250)
[2026-06-09 08:24:10] Progress: 987/1003 prompts (r0:246/251 r1:249/251 r2:243/251 r3:249/250)
[2026-06-09 08:25:10] Progress: 987/1003 prompts (r0:246/251 r1:249/251 r2:243/251 r3:249/250)
[2026-06-09 08:26:10] Progress: 987/1003 prompts (r0:246/251 r1:249/251 r2:243/251 r3:249/250)
[2026-06-09 08:27:10] Progress: 987/1003 prompts (r0:246/251 r1:249/251 r2:243/251 r3:249/250)
[2026-06-09 08:28:10] Progress: 987/1003 prompts (r0:246/251 r1:249/251 r2:243/251 r3:249/250)
[2026-06-09 08:29:10] Progress: 987/1003 prompts (r0:246/251 r1:249/251 r2:243/251 r3:249/250)
[2026-06-09 08:30:10] Progress: 988/1003 prompts (r0:246/251 r1:249/251 r2:243/251 r3:250/250)
[2026-06-09 08:31:10] Progress: 991/1003 prompts (r0:246/251 r1:249/251 r2:246/251 r3:250/250)
[2026-06-09 08:32:10] Progress: 991/1003 prompts (r0:246/251 r1:249/251 r2:246/251 r3:250/250)
[2026-06-09 08:33:11] Progress: 991/1003 prompts (r0:246/251 r1:249/251 r2:246/251 r3:250/250)
[2026-06-09 08:34:11] Progress: 991/1003 prompts (r0:246/251 r1:249/251 r2:246/251 r3:250/250)
[2026-06-09 08:35:11] Progress: 991/1003 prompts (r0:246/251 r1:249/251 r2:246/251 r3:250/250)
[2026-06-09 08:36:11] Progress: 991/1003 prompts (r0:246/251 r1:249/251 r2:246/251 r3:250/250)
[2026-06-09 08:37:11] Progress: 991/1003 prompts (r0:246/251 r1:249/251 r2:246/251 r3:250/250)
[2026-06-09 08:38:11] Progress: 991/1003 prompts (r0:246/251 r1:249/251 r2:246/251 r3:250/250)
[2026-06-09 08:39:11] Progress: 991/1003 prompts (r0:246/251 r1:249/251 r2:246/251 r3:250/250)
[2026-06-09 08:40:11] Progress: 993/1003 prompts (r0:246/251 r1:251/251 r2:246/251 r3:250/250)
[2026-06-09 08:41:12] Progress: 993/1003 prompts (r0:246/251 r1:251/251 r2:246/251 r3:250/250)
[2026-06-09 08:42:12] Progress: 993/1003 prompts (r0:246/251 r1:251/251 r2:246/251 r3:250/250)
[2026-06-09 08:43:12] Progress: 993/1003 prompts (r0:246/251 r1:251/251 r2:246/251 r3:250/250)
[2026-06-09 08:44:12] Progress: 993/1003 prompts (r0:246/251 r1:251/251 r2:246/251 r3:250/250)
[2026-06-09 08:45:12] Progress: 993/1003 prompts (r0:246/251 r1:251/251 r2:246/251 r3:250/250)
[2026-06-09 08:46:12] Progress: 993/1003 prompts (r0:246/251 r1:251/251 r2:246/251 r3:250/250)
[2026-06-09 08:47:12] Progress: 993/1003 prompts (r0:246/251 r1:251/251 r2:246/251 r3:250/250)
[2026-06-09 08:48:12] Progress: 993/1003 prompts (r0:246/251 r1:251/251 r2:246/251 r3:250/250)
[2026-06-09 08:49:12] Progress: 993/1003 prompts (r0:246/251 r1:251/251 r2:246/251 r3:250/250)
[2026-06-09 08:50:13] Progress: 993/1003 prompts (r0:246/251 r1:251/251 r2:246/251 r3:250/250)
[2026-06-09 08:51:13] Progress: 993/1003 prompts (r0:246/251 r1:251/251 r2:246/251 r3:250/250)
[2026-06-09 08:52:13] Progress: 993/1003 prompts (r0:246/251 r1:251/251 r2:246/251 r3:250/250)
[2026-06-09 08:53:13] Progress: 996/1003 prompts (r0:249/251 r1:251/251 r2:246/251 r3:250/250)
[2026-06-09 08:54:13] Progress: 996/1003 prompts (r0:249/251 r1:251/251 r2:246/251 r3:250/250)
[2026-06-09 08:55:13] Progress: 996/1003 prompts (r0:249/251 r1:251/251 r2:246/251 r3:250/250)
[2026-06-09 08:56:13] Progress: 996/1003 prompts (r0:249/251 r1:251/251 r2:246/251 r3:250/250)
[2026-06-09 08:57:13] Progress: 996/1003 prompts (r0:249/251 r1:251/251 r2:246/251 r3:250/250)
[2026-06-09 08:58:14] Progress: 996/1003 prompts (r0:249/251 r1:251/251 r2:246/251 r3:250/250)
[2026-06-09 08:59:14] Progress: 996/1003 prompts (r0:249/251 r1:251/251 r2:246/251 r3:250/250)
[2026-06-09 09:00:14] Progress: 996/1003 prompts (r0:249/251 r1:251/251 r2:246/251 r3:250/250)
[2026-06-09 09:01:14] Progress: 996/1003 prompts (r0:249/251 r1:251/251 r2:246/251 r3:250/250)
[2026-06-09 09:02:14] Progress: 999/1003 prompts (r0:249/251 r1:251/251 r2:249/251 r3:250/250)
[2026-06-09 09:03:14] Progress: 999/1003 prompts (r0:249/251 r1:251/251 r2:249/251 r3:250/250)
[2026-06-09 09:04:14] Progress: 999/1003 prompts (r0:249/251 r1:251/251 r2:249/251 r3:250/250)
[2026-06-09 09:05:14] Progress: 999/1003 prompts (r0:249/251 r1:251/251 r2:249/251 r3:250/250)
[2026-06-09 09:06:15] Progress: 999/1003 prompts (r0:249/251 r1:251/251 r2:249/251 r3:250/250)
[2026-06-09 09:07:15] Progress: 999/1003 prompts (r0:249/251 r1:251/251 r2:249/251 r3:250/250)
[2026-06-09 09:08:15] Progress: 999/1003 prompts (r0:249/251 r1:251/251 r2:249/251 r3:250/250)
[2026-06-09 09:09:15] Progress: 999/1003 prompts (r0:249/251 r1:251/251 r2:249/251 r3:250/250)
[2026-06-09 09:10:15] Progress: 999/1003 prompts (r0:249/251 r1:251/251 r2:249/251 r3:250/250)
[2026-06-09 09:11:15] Progress: 999/1003 prompts (r0:249/251 r1:251/251 r2:249/251 r3:250/250)
[2026-06-09 09:12:15] Progress: 999/1003 prompts (r0:249/251 r1:251/251 r2:249/251 r3:250/250)
[2026-06-09 09:13:15] Progress: 1001/1003 prompts (r0:251/251 r1:251/251 r2:249/251 r3:250/250)
[2026-06-09 09:14:16] Progress: 1001/1003 prompts (r0:251/251 r1:251/251 r2:249/251 r3:250/250)
[2026-06-09 09:15:16] Progress: 1001/1003 prompts (r0:251/251 r1:251/251 r2:249/251 r3:250/250)
[2026-06-09 09:16:16] Progress: 1001/1003 prompts (r0:251/251 r1:251/251 r2:249/251 r3:250/250)
[2026-06-09 09:17:16] Progress: 1001/1003 prompts (r0:251/251 r1:251/251 r2:249/251 r3:250/250)
[2026-06-09 09:18:16] Progress: 1001/1003 prompts (r0:251/251 r1:251/251 r2:249/251 r3:250/250)
[2026-06-09 09:19:16] Progress: 1001/1003 prompts (r0:251/251 r1:251/251 r2:249/251 r3:250/250)
[2026-06-09 09:20:16] Progress: 1001/1003 prompts (r0:251/251 r1:251/251 r2:249/251 r3:250/250)
[2026-06-09 09:21:16] Progress: 1001/1003 prompts (r0:251/251 r1:251/251 r2:249/251 r3:250/250)
[2026-06-09 09:22:16] Progress: 1003/1003 prompts (r0:251/251 r1:251/251 r2:251/251 r3:250/250)
[2026-06-09 09:22:16] All collectors finished; consolidating manifests
Wrote consolidated Option-B manifest: /mnt/lanxiangh/data/ff_exec/bidirectional_wan_draft_head_dataset/tau_delta_0p0/manifest.json
Records: 1003 shards: 64
[2026-06-09 09:22:17] Done. Consolidated manifest: /mnt/lanxiangh/data/ff_exec/bidirectional_wan_draft_head_dataset/tau_delta_0p0/manifest.json
